country,year,motive,type_of_death,role,case_status
Afghanistan,2018,Confirmed,Murder,"Radio Azadi,Radio Free Europe/Radio Liberty",killed
Syria,2012,Confirmed,Crossfire,Freelance,killed
Israel and the Occupied Palestinian Territory,2023,Confirmed,Dangerous Assignment,"Holy Quran Radio,Midan,Mugtama,Al-Jazeera",killed
Israel and the Occupied Palestinian Territory,2024,Confirmed,Dangerous Assignment,Rawafed educational channel,killed
Syria,2013,Confirmed,Crossfire,Masar Press,killed
Yemen,2015,Unconfirmed,Unknown,Freelance,killed
Syria,2012,Confirmed,Murder,Shaam News Network,killed
Syria,2013,Confirmed,Crossfire,Freelance,killed
Israel and the Occupied Palestinian Territory,2023,Confirmed,Dangerous Assignment,Freelance,killed
Israel and the Occupied Palestinian Territory,2023,Confirmed,,Al-Aqsa TV,killed
Libya,2016,Confirmed,Crossfire,Arraed Satellite TV,killed
Somalia,2016,Confirmed,Murder,Radio Shabelle,killed
Somalia,2021,Confirmed,Murder,Radio Mogadishu,killed
Somalia,2023,Unconfirmed,,Somali Cable TV,killed
Somalia,2013,Confirmed,Murder,Shabelle Media Network,killed
Somalia,2019,Confirmed,Dangerous Assignment,Somali National Army Radio,killed
Somalia,2018,Confirmed,,Universal TV,killed
Somalia,2012,Unconfirmed,Unknown,Ciyaarahamaanta,killed
Somalia,2012,Confirmed,Murder,Radio Hamar,killed
Somalia,2018,Unconfirmed,,Codka Nabada,killed
Somalia,2014,Confirmed,Murder,"Radio Daljir,Horn Cable TV",killed
Somalia,2018,Unconfirmed,,SBS TV,killed
Somalia,2011,Confirmed,Murder,Freelance,killed
Somalia,2012,Confirmed,Murder,Radio Mogadishu,killed
Somalia,2020,Confirmed,Murder,"Freelance; Universal TV,  Radio Kulmiye",killed
Pakistan,2011,Unconfirmed,Unknown,Freelance,killed
Bangladesh,2017,Confirmed,Dangerous Assignment,Samakal,killed
Syria,2019,Confirmed,Crossfire,Kafr Rumah Media Office,killed
Pakistan,2012,Confirmed,Murder,ARY Television,killed
Afghanistan,2017,Confirmed,,Radio Television Afghanistan,killed
Afghanistan,2018,Confirmed,Murder,Kabul News,killed
Syria,2020,Confirmed,Crossfire,Media Office in Binnish,killed
Pakistan,2012,Confirmed,Murder,WASH TV,killed
Syria,2013,Confirmed,Dangerous Assignment,Watan FM,killed
Israel and the Occupied Palestinian Territory,2024,Confirmed,Dangerous Assignment,Palestine Breaking News,killed
Yemen,2014,Unconfirmed,Unknown,Sanaa Radio,killed
Syria,2018,Confirmed,Crossfire,Hammouriyeh Media Office,killed
Israel and the Occupied Palestinian Territory,2024,Confirmed,Dangerous Assignment,Raqami TV,killed
Syria,2016,Confirmed,Crossfire,Al-Jisr TV,killed
Pakistan,2010,Confirmed,Dangerous Assignment,Express News,killed
Syria,2016,Unconfirmed,Unknown,Anadan Media Center,killed
Israel and the Occupied Palestinian Territory,2023,Confirmed,Dangerous Assignment,"Al-Manara News Agency,HQ media",killed
Somalia,2014,Confirmed,Murder,Freelance,killed
Yemen,2018,Unconfirmed,,Al-Sahat,killed
Yemen,2018,Confirmed,Crossfire,Belqees TV,killed
Somalia,2018,Confirmed,Murder,Darul Sunnah,killed
Syria,2016,Confirmed,Crossfire,Shahba Press Agency,killed
Yemen,2015,Confirmed,Crossfire,"Yemen Youth TV, Belqees TV",killed
Syria,2013,Unconfirmed,Unknown,"SMART News Agency,",killed
Somalia,2010,Unconfirmed,Unknown,Radio Daljir,killed
Somalia,2017,Confirmed,Murder,"Jubbaland TV, Codka Hiraan",killed
Bangladesh,2024,Confirmed,Dangerous Assignment,"Daily Jalalabad, Daily Naya Diganta",killed
Syria,2012,Confirmed,,Freelance,killed
Somalia,2012,Confirmed,Murder,Somaliweyn Radio,killed
India,2018,Confirmed,Crossfire,Doordarshan,killed
South Sudan,2015,Confirmed,Murder,Raja FM,killed
USA,2015,Confirmed,Dangerous Assignment,WDBJ7,killed
Argentina,2010,Unconfirmed,Unknown,Mundo Villa and Mundo Villa TV,killed
Yemen,2020,Confirmed,Dangerous Assignment,Belqees TV,killed
Iraq,2015,Confirmed,Murder,Salaheddin TV,killed
Israel and the Occupied Palestinian Territory,2023,Confirmed,Dangerous Assignment,Freelance,killed
Israel and the Occupied Palestinian Territory,2023,Confirmed,Dangerous Assignment,Freelance,killed
Mexico,2012,Confirmed,Dangerous Assignment,Freelance,killed
Syria,2016,Confirmed,Crossfire,Al-Buraq Media Institution,killed
Israel and the Occupied Palestinian Territory,2023,Confirmed,Dangerous Assignment,Al-Rai,killed
Egypt,2011,Confirmed,Dangerous Assignment,Al-Ta'awun,killed
Afghanistan,2011,Confirmed,Crossfire,"Pajhwok Afghan News, BBC",killed
Afghanistan,2018,Unconfirmed,,BBC,killed
Egypt,2013,Confirmed,Dangerous Assignment,"Al-Akhbar, Misr25",killed
Iraq,2020,Confirmed,Dangerous Assignment,Dijlah TV,killed
Syria,2015,Confirmed,Crossfire,"SMART News Agency, Hama Media Center",killed
Israel and the Occupied Palestinian Territory,2018,Confirmed,Murder,"Voice of the People Radio,Bisan News Agency",killed
Israel and the Occupied Palestinian Territory,2023,Confirmed,Dangerous Assignment,Al-Aqsa TV,killed
Israel and the Occupied Palestinian Territory,2024,Confirmed,Dangerous Assignment,Freelance,killed
Israel and the Occupied Palestinian Territory,2024,Confirmed,Dangerous Assignment,Freelance,killed
Somalia,2012,Confirmed,Murder,Shabelle Media Network,killed
Syria,2012,Confirmed,Crossfire,Shaam News Network,killed
Syria,2012,Confirmed,Crossfire,Freelance,killed
Israel and the Occupied Palestinian Territory,2024,Confirmed,Dangerous Assignment,Freelance,killed
Israel and the Occupied Palestinian Territory,2023,Confirmed,Dangerous Assignment,Freelance,killed
Yemen,2016,Confirmed,Crossfire,"Yaman News, Yemen TV",killed
Egypt,2013,Confirmed,Dangerous Assignment,Freedom and Justice,killed
Syria,2018,Confirmed,Crossfire,Aleppo News Network,killed
Israel and the Occupied Palestinian Territory,2024,Confirmed,Dangerous Assignment,Bawabat al-Hadaf,killed
Somalia,2012,Confirmed,Murder,Universal TV,killed
Syria,2014,Confirmed,Dangerous Assignment,Xinhua News Agency,killed
Ghana,2019,Confirmed,Murder,Tiger Eye Private Investigations,killed
Bahrain,2012,Confirmed,Dangerous Assignment,Freelance,killed
Israel and the Occupied Palestinian Territory,2023,Confirmed,Dangerous Assignment,Al-Quds Al-Youm TV,killed
Iraq,2013,Confirmed,,Salaheddin TV,killed
Syria,2015,Confirmed,Murder,Raqqa is Being Slaughtered Silently,killed
Somalia,2022,Confirmed,Crossfire,Somali National TV,killed
Iraq,2019,Confirmed,Dangerous Assignment,Freelance,killed
Bangladesh,2013,Confirmed,Murder,Freelance,killed
Maldives,2014,Confirmed,Murder,Minivan News,killed
Somalia,2013,Confirmed,,Radio Mogadishu,killed
Israel and the Occupied Palestinian Territory,2023,Confirmed,Dangerous Assignment,Sowt Al-Asra Radio (Radio Voice of the Prisoners),killed
Iraq,2016,Confirmed,Crossfire,Türkmeneli TV,killed
Pakistan,2021,Unconfirmed,,Daily Puchano and Royal News TV,killed
India,2016,Unconfirmed,Unknown,Taaza TV,killed
Russia,2013,Confirmed,Murder,Novoye Delo,killed
Israel and the Occupied Palestinian Territory,2024,Confirmed,Dangerous Assignment,Safa,killed
India,2015,Unconfirmed,Unknown,Aaj Tak,killed
Egypt,2012,Confirmed,Murder,El-Fagr,killed
Syria,2014,Confirmed,Murder,Shaam News Network,killed
Israel and the Occupied Palestinian Territory,2024,Confirmed,Dangerous Assignment,SND,killed
Iraq,2013,Confirmed,Murder,Freelance,killed
Syria,2017,Confirmed,Crossfire,Qaboun Media Center,killed
Syria,2019,Confirmed,Unknown,Douma Coordination Office,killed
Iraq,2016,Unconfirmed,Unknown,Al-Ahed Radio,killed
Sudan,2024,Confirmed,,Wad Mandani Radio,killed
Angola,2010,Confirmed,Murder,Radio Despertar,killed
Mexico,2013,Unconfirmed,Unknown,El Imparcial and Radiorama,killed
Mozambique,2024,Confirmed,Murder,Freelance,killed
Philippines,2012,Unconfirmed,Unknown,DXRP Radio,killed
Belarus,2010,Confirmed,Murder,Charter 97,killed
Mexico,2024,Unconfirmed,,El Hijo del Llanero Solitito,killed
Central African Republic,2018,Confirmed,Murder,The Investigations Management Centre (TsUR),killed
Georgia,2021,Unconfirmed,,TV Pirveli,killed
Philippines,2016,Unconfirmed,Unknown,People’s Brigada,killed
Nigeria,2020,Unconfirmed,,Regent Africa Times,killed
Paraguay,2023,Unconfirmed,,Radio Urundey,killed
Mexico,2022,Confirmed,Murder,Freelance,killed
El Salvador,2011,Confirmed,Murder,Canal 33,killed
Mexico,2021,Confirmed,Murder,Las Dos Costas,killed
Indonesia,2010,Confirmed,Murder,Pelangi Weekly,killed
Israel and the Occupied Palestinian Territory,2024,Confirmed,Dangerous Assignment,"Freelance, Al Jazeera, Media Town TV",killed
Syria,2012,Confirmed,Murder,SANA,killed
Israel and the Occupied Palestinian Territory,2014,Confirmed,,Freelance,killed
Somalia,2012,Confirmed,Murder,Freelance,killed
Yemen,2018,Confirmed,,Al-Maraweah Radio Broadcasting Center,killed
Iraq,2016,Confirmed,,Al-Ahad TV,killed
Libya,2011,Confirmed,Crossfire,Al-Jazeera,killed
Syria,2012,Unconfirmed,Unknown,Al-Zawraa,killed
Syria,2013,Confirmed,Unknown,Freelance,killed
Iraq,2016,Confirmed,Crossfire,Al-Ghadeer TV,killed
Syria,2014,Confirmed,Crossfire,Freelance,killed
Somalia,2017,Confirmed,Dangerous Assignment,Voice of America,killed
Iraq,2016,Confirmed,Crossfire,Al-Sumaria TV,killed
Afghanistan,2018,Confirmed,Murder,Mashal TV,killed
Lebanon,2012,Confirmed,Crossfire,Al-Jadeed,killed
USA,2015,Confirmed,Dangerous Assignment,WDBJ7,killed
Yemen,2016,Confirmed,Crossfire,Freelance,killed
Guatemala,2016,Unconfirmed,Unknown,Radio Ilusión,killed
Iraq,2011,Confirmed,Dangerous Assignment,Afaq,killed
Israel and the Occupied Palestinian Territory,2023,Confirmed,Dangerous Assignment,Freelance,killed
Syria,2013,Confirmed,Crossfire,Freelance,killed
Iraq,2010,Confirmed,,Al-Arabiya,killed
Syria,2020,Confirmed,Crossfire,Freelance,killed
Syria,2019,Confirmed,Crossfire,Saraqib al-Hadath,killed
Israel and the Occupied Palestinian Territory,2024,Confirmed,Dangerous Assignment,Freelance,killed
Syria,2015,Confirmed,Crossfire,Qasioun News,killed
Syria,2012,Confirmed,Crossfire,Shaam News Network,killed
Israel and the Occupied Palestinian Territory,2024,Confirmed,Dangerous Assignment,Freelance,killed
Syria,2013,Confirmed,Crossfire,Qaboun Media Center,killed
Israel and the Occupied Palestinian Territory,2023,Confirmed,,Al Aqsa TV,killed
Mexico,2016,Unconfirmed,Unknown,El Sol de Orizaba,killed
Bangladesh,2015,Confirmed,Murder,Freelance,killed
Syria,2019,Confirmed,Crossfire,Freelance,killed
Syria,2012,Confirmed,Crossfire,Freelance,killed
Syria,2024,Confirmed,Dangerous Assignment,dpa,killed
Ukraine,2014,Confirmed,Dangerous Assignment,Pervy Kanal,killed
Ukraine,2014,Confirmed,Crossfire,Cesura photo agency,killed
Ukraine,2014,Confirmed,,Memorial,killed
Ukraine,2014,Confirmed,Crossfire,Rossiya Segodnya,killed
Colombia,2020,Unconfirmed,,Q’hubo Cali,killed
Israel and the Occupied Palestinian Territory,2024,Confirmed,Dangerous Assignment,February,killed
Honduras,2012,Unconfirmed,Unknown,Radio HRN,killed
Nicaragua,2018,Confirmed,Dangerous Assignment,El Meridiano,killed
Honduras,2013,Unconfirmed,Unknown,Globo TV,killed
Afghanistan,2014,Confirmed,Dangerous Assignment,The Associated Press,killed
Libya,2011,Confirmed,Crossfire,Freelance,killed
Ukraine,2014,Confirmed,,VGTRK,killed
Mexico,2022,Unconfirmed,,Expreso,killed
Yemen,2018,Unconfirmed,,"Al-Gomhouria,Al-Jamahir",killed
Pakistan,2020,Confirmed,Murder,Naveed-e-Pakistan,killed
Indonesia,2010,Confirmed,Murder,Merauke TV,killed
Colombia,2012,Unconfirmed,Unknown,Metro Radio Estéreo,killed
Iraq,2017,Confirmed,Murder,Kurdistan TV,killed
Ukraine,2023,Confirmed,Crossfire,Agence France-Presse,killed
Mexico,2022,Confirmed,Murder,Monitor Michoacán,killed
Mexico,2015,Confirmed,Murder,La Ke Buena 100.9 FM,killed
Pakistan,2015,Confirmed,,Geo TV,killed
Kenya,2022,Unconfirmed,,,killed
Mexico,2020,Unconfirmed,,Telediario,killed
Nepal,2010,Unconfirmed,Unknown,Today Group,killed
Pakistan,2011,Confirmed,Dangerous Assignment,Akhbar-e-Khyber,killed
Pakistan,2014,Confirmed,,Express TV,killed
India,2024,Confirmed,Murder,Sudarshan TV,killed
Pakistan,2013,Confirmed,Dangerous Assignment,Daily Pakistan,killed
Lebanon,2010,Confirmed,Crossfire,Al-Akhbar,killed
Israel and the Occupied Palestinian Territory,2023,Confirmed,,Al-Rai,killed
Israel and the Occupied Palestinian Territory,2023,Confirmed,Dangerous Assignment,Palestine Now,killed
Syria,2014,Confirmed,Crossfire,Nabaa Media Foundation,killed
Philippines,2022,Confirmed,Murder,101.3 Grace Covenant FM,killed
Myanmar,2014,Confirmed,Murder,Freelance,killed
Pakistan,2012,Unconfirmed,Unknown,Kawaish Television Network,killed
Mexico,2016,Unconfirmed,Unknown,El Gráfico de la Sierra,killed
Brazil,2011,Unconfirmed,Unknown,"Olhar Direto, Midianews",killed
Bangladesh,2015,Confirmed,Murder,Freelance,killed
India,2021,Confirmed,Murder,BNN News,killed
Yemen,2016,Confirmed,Crossfire,Freelance,killed
Somalia,2018,Confirmed,Dangerous Assignment,Universal TV,killed
Israel and the Occupied Palestinian Territory,2023,Confirmed,Dangerous Assignment,Freelance,killed
Myanmar,2022,Confirmed,Murder,Freelance,killed
Syria,2012,Confirmed,Dangerous Assignment,Syrian Center for Media and Freedom of Expression,killed
Israel and the Occupied Palestinian Territory,2024,Confirmed,Murder,Al-Quds Al-Youm,killed
Israel and the Occupied Palestinian Territory,2024,Confirmed,Dangerous Assignment,Freelance,killed
Israel and the Occupied Palestinian Territory,2024,Confirmed,Dangerous Assignment,Al Mayadeen,killed
Iraq,2010,Confirmed,,Al-Arabiya,killed
Pakistan,2013,Confirmed,Murder,Karak Times,killed
Pakistan,2010,Confirmed,Dangerous Assignment,Samaa TV,killed
Pakistan,2020,Unconfirmed,,"KTN News,Daily Kawish",killed
Afghanistan,2017,Confirmed,,MOBY/TOLO TV,killed
Israel and the Occupied Palestinian Territory,2024,Confirmed,Dangerous Assignment,"Watan Media Agency, Al-Quds News Network",killed
Pakistan,2017,Unconfirmed,,K2,killed
Iraq,2017,Confirmed,,France 2,killed
Syria,2012,Unconfirmed,Unknown,Freelance,killed
Somalia,2010,Confirmed,Crossfire,Hurma Radio,killed
Syria,2012,Confirmed,Crossfire,Syrian State TV,killed
Syria,2018,Confirmed,Crossfire,Arbin Unified Media Office,killed
Iraq,2013,Confirmed,Murder,Al-Mosuliya TV,killed
Syria,2011,Confirmed,Dangerous Assignment,Freelance,killed
Syria,2012,Confirmed,Crossfire,Freelance,killed
Syria,2013,Confirmed,Crossfire,Freelance,killed
Syria,2015,Confirmed,Crossfire,Noor al-Sham; Radio Damascus,killed
Mexico,2021,Unconfirmed,,Noticias Xonoidag,killed
Philippines,2019,Unconfirmed,,Radyo ni Juan,killed
France,2015,Confirmed,Murder,Freelance,killed
France,2015,Confirmed,Murder,Freelance,killed
Kenya,2013,Unconfirmed,Unknown,The Star,killed
Syria,2014,Confirmed,Dangerous Assignment,Palestine Today TV,killed
Israel and the Occupied Palestinian Territory,2023,Confirmed,Dangerous Assignment,Press House-Palestine,killed
Israel and the Occupied Palestinian Territory,2024,Confirmed,Dangerous Assignment,Al-Quds Al-Youm,killed
Yemen,2015,Confirmed,Crossfire,Al-Masirah TV,killed
Afghanistan,2021,Unconfirmed,,Radio Sada-e-Ghor,killed
Bulgaria,2010,Unconfirmed,Unknown,Freelance,killed
Ukraine,2023,Confirmed,Crossfire,Freelance,killed
Philippines,2013,Unconfirmed,Unknown,Aksyon Ngayon,killed
Bangladesh,2021,Confirmed,Dangerous Assignment,"Barta Bazar,Bangladesh Samachar",killed
South Sudan,2015,Confirmed,Murder,South Sudan Television,killed
Ukraine,2022,Confirmed,Crossfire,Time,killed
Guatemala,2020,Unconfirmed,,Noticias TLCOM,killed
Honduras,2019,Unconfirmed,,Kupia Kumi,killed
Ecuador,2012,Confirmed,Murder,Freelance,killed
Central African Republic,2014,Confirmed,Dangerous Assignment,Freelance,killed
Mexico,2017,Unconfirmed,,La Voz de Hueyapán,killed
Mexico,2010,Confirmed,Dangerous Assignment,Expreso Matamoros,killed
Guatemala,2013,Unconfirmed,Unknown,Canal Óptimo 23,killed
Mexico,2018,Confirmed,Murder,Freelance,killed
Honduras,2017,Unconfirmed,,Canal 12 Telemaya,killed
Honduras,2017,Unconfirmed,Unknown,Canal 22,killed
Mexico,2017,Confirmed,Murder,Freelance,killed
India,2012,Unconfirmed,Unknown,Freelance,killed
India,2018,Confirmed,Murder,Aj Newspaper,killed
India,2012,Unconfirmed,Unknown,Navbharat and The Hitavada,killed
Uganda,2011,Unconfirmed,,Inyenyeri News,killed
India,2021,Confirmed,Murder,EV5,killed
Cambodia,2024,Confirmed,Murder,Kampuchea Aphivath,killed
Libya,2011,Confirmed,Crossfire,Getty Images,killed
Barbados,2020,Confirmed,Dangerous Assignment,The Nation,killed
Burundi,2015,Unconfirmed,,Radio Television Nationale du Burundi,killed
South Sudan,2017,Confirmed,Crossfire,Freelance,killed
Philippines,2012,Confirmed,Murder,Radyo Mo Nationwide and Tatak News,killed
Philippines,2017,Confirmed,Murder,DBXF Prime Broadcasting Network,killed
Mali,2013,Confirmed,Murder,Radio France Internationale,killed
Colombia,2010,Confirmed,Murder,El Pulso del Tiempo,killed
Philippines,2015,Unconfirmed,Unknown,DXOC Radio,killed
Philippines,2023,Confirmed,Murder,DWXR 101.7 Kalahi FM; MUX Online Radio,killed
South Sudan,2015,Confirmed,Murder,Raja FM,killed
Mexico,2013,Unconfirmed,Unknown,Vanguardia,killed
Guatemala,2015,Confirmed,Murder,Prensa Libre,killed
Afghanistan,2021,Confirmed,Crossfire,Reuters,killed
Malta,2017,Confirmed,Murder,Running Commentary,killed
Panama,2011,Confirmed,Murder,Radio Mi Favorita,killed
Somalia,2015,Confirmed,Murder,Radio Baidoa,killed
Tanzania,2012,Confirmed,Dangerous Assignment,Channel Ten,killed
Burkina Faso,2021,Confirmed,Murder,93 Metros,killed
Afghanistan,2016,Confirmed,Crossfire,National Public Radio,killed
Honduras,2010,Confirmed,Murder,"Radio El Patio, Radio America, Channel 45",killed
Bolivia,2011,Unconfirmed,Unknown,Agencia de Noticias Fides,killed
Ethiopia,2021,Unconfirmed,,Tigray TV,killed
Brazil,2012,Confirmed,Murder,O Estado do Maranhão and Blog do Décio,killed
Philippines,2018,Confirmed,Murder,Trends and Times,killed
Philippines,2010,Confirmed,Murder,Sunrise FM,killed
Nepal,2010,Unconfirmed,Unknown,Radio Tulsipur FM,killed
India,2016,Unconfirmed,Unknown,Dainik Bhaskar,killed
Uganda,2010,Unconfirmed,Unknown,Prime Radio,killed
Haiti,2021,Unconfirmed,,"Radio Vision 2000,Gazette Haïti,Larepiblik Magazine",killed
Syria,2017,Confirmed,Crossfire,Hawar News Agency (ANHA),killed
Philippines,2019,Confirmed,Murder,DyEM 96.7 FM Bai Radio,killed
Syria,2015,Unconfirmed,Unknown,"Local Coordination Committees, Abtaa Media Office",killed
Brazil,2015,Confirmed,Murder,RCA FM,killed
Russia,2017,Confirmed,Murder,Ton-M,killed
Brazil,2022,Confirmed,Murder,Freelance,killed
Israel and the Occupied Palestinian Territory,2023,Confirmed,Dangerous Assignment,Freelance,killed
Israel and the Occupied Palestinian Territory,2023,Confirmed,Dangerous Assignment,Radio Al-Aqsa,killed
Haiti,2023,Confirmed,Murder,Radio-Télé INUREP,killed
India,2012,Confirmed,Dangerous Assignment,Prime News,killed
USA,2023,Confirmed,Dangerous Assignment,Spectrum News 13,killed
Philippines,2012,Unconfirmed,Unknown,DXND Radio,killed
Mexico,2019,Unconfirmed,,La Verdad de Zihuatanejo,killed
Mexico,2017,Confirmed,Murder,Freelance,killed
Honduras,2019,Unconfirmed,,"Cablemar TV,Channel 6",killed
Paraguay,2014,Confirmed,Murder,Belén Comunicaciones,killed
Colombia,2015,Unconfirmed,Unknown,Radio Luna,killed
Brazil,2011,Confirmed,Murder,Jornal o Serrano,killed
Colombia,2013,Confirmed,Murder,Puerto Berrío Stereo,killed
Philippines,2018,Unconfirmed,,DYGB-FM,killed
Nigeria,2010,Unconfirmed,Unknown,The Nation,killed
Brazil,2012,Confirmed,Murder,Última Hora News,killed
Philippines,2019,Confirmed,Murder,Brigada News FM,killed
Paraguay,2017,Unconfirmed,,F.M. Costanera del Sur,killed
Honduras,2022,Unconfirmed,,La Tribuna TV,killed
Mexico,2017,Unconfirmed,,Freelance,killed
Colombia,2018,Confirmed,,El Comercio,killed
Pakistan,2010,Confirmed,Dangerous Assignment,Samaa TV,killed
Pakistan,2010,Confirmed,Dangerous Assignment,City-42 TV,killed
Guinea,2016,Confirmed,Dangerous Assignment,"Guinée7, Afrik",killed
Mexico,2016,Confirmed,Murder,El Sur,killed
France,2015,Confirmed,Murder,Freelance,killed
Philippines,2016,Unconfirmed,Unknown,dxWO FM,killed
Afghanistan,2020,Confirmed,Murder,Radio Free Europe/Radio Liberty,killed
Nigeria,2012,Confirmed,Murder,Channels TV,killed
Syria,2022,Confirmed,Crossfire,Hawar News Agency,killed
Brazil,2015,Confirmed,Murder,Coruja do Vale,killed
Chad,2022,Confirmed,Dangerous Assignment,Lotiko Radio,killed
Mexico,2010,Unconfirmed,Unknown,Visión Informativa,killed
Thailand,2010,Confirmed,Dangerous Assignment,Freelance,killed
Guinea,2014,Confirmed,Murder,Liberté FM,killed
Iraq,2015,Confirmed,Murder,Mosul al-Youm; Sada al-Iraq,killed
Israel and the Occupied Palestinian Territory,2024,Confirmed,Murder,Al-Quds Al-Youm,killed
Israel and the Occupied Palestinian Territory,2024,Confirmed,Murder,Al-Quds Al-Youm,killed
Bangladesh,2015,Confirmed,Murder,Jagriti Prokashoni,killed
Pakistan,2011,Confirmed,Murder,The London Post,killed
Syria,2012,Unconfirmed,Unknown,Freelance,killed
Somalia,2011,Confirmed,,Radio Simba,killed
Lebanon,2023,Confirmed,Dangerous Assignment,Al-Mayadeen TV,killed
Turkey,2015,Confirmed,Murder,Eye on the Homeland,killed
Afghanistan,2011,Confirmed,Crossfire,Press TV,killed
Somalia,2012,Confirmed,Murder,Radio Daljir and Simba Radio,killed
Paraguay,2014,Confirmed,Murder,Radio Amambay,killed
Syria,2015,Unconfirmed,Unknown,Orient News,killed
Philippines,2022,Confirmed,Murder,Radyo Natin 106.3 FM CDO,killed
Guatemala,2015,Unconfirmed,,Radio Nuevo Mundo,killed
Peru,2014,Unconfirmed,Unknown,Caretas,killed
Philippines,2013,Confirmed,Murder,DxLS Love Radio,killed
Syria,2011,Confirmed,Dangerous Assignment,Freelance,killed
Syria,2013,Confirmed,Crossfire,Orient News,killed
Mexico,2020,Unconfirmed,,La Ke Buena,killed
Mexico,2015,Confirmed,Murder,La Favorita 103.3FM La Voz de la Sierra Sur,killed
Iraq,2015,Confirmed,Murder,Nineveh al-Ghad,killed
Iraq,2014,Confirmed,Dangerous Assignment,Fallujah TV,killed
Colombia,2015,Confirmed,Murder,Red Noticias and La Preferida Estereo,killed
Chile,2022,Confirmed,Dangerous Assignment,Canal Señal 3 La Victoria,killed
Brazil,2010,Confirmed,Murder,Radio Caicó,killed
Honduras,2023,Confirmed,Murder,Channel 24 Danlí,killed
Mexico,2016,Unconfirmed,Unknown,Sol de Acapulco and Foro de Taxco,killed
Mexico,2019,Confirmed,Murder,"Quintana Roo Hoy,Ocurrió Aquí,Quinta Fuerza",killed
Haiti,2022,Unconfirmed,,Radio Solidarité,killed
Haiti,2022,Confirmed,Murder,FS News Haiti,killed
Ukraine,2022,Confirmed,Crossfire,BFMTV,killed
Mexico,2022,Unconfirmed,,"La Realidad,Vértice de Chilpancingo",killed
Mexico,2021,Unconfirmed,,Freelance,killed
Yemen,2011,Confirmed,,Al-Saeeda TV,killed
Philippines,2018,Unconfirmed,,DYJL FM 94.5 Like Radio,killed
Mexico,2012,Unconfirmed,Unknown,Freelance,killed
Russia,2011,Confirmed,Murder,Chernovik,killed
Haiti,2022,Confirmed,Murder,Radio Lebon FM,killed
India,2017,Confirmed,Murder,Gauri Lankesh Patrike,killed
Brazil,2011,Confirmed,Dangerous Assignment,Bandeirantes TV,killed
Ghana,2015,Confirmed,Murder,"Success FM, Peace FM",killed
France,2015,Confirmed,Murder,Charlie Hebdo,killed
USA,2018,Confirmed,Murder,Capital Gazette,killed
Mexico,2021,Unconfirmed,,Breitbart News,killed
Brazil,2015,Confirmed,Murder,Ciudad Nueva FM,killed
Ecuador,2022,Unconfirmed,,Ola Manta TV,killed
Cameroon,2010,Confirmed,Dangerous Assignment,Cameroon Express,killed
Democratic Republic of the Congo,2014,Confirmed,Crossfire,Radio Télévision Muungano,killed
Honduras,2020,Confirmed,Murder,Canal 45TV,killed
Philippines,2011,Confirmed,Murder,DWAR,killed
Syria,2013,Confirmed,Crossfire,Qaboun Media Center,killed
Afghanistan,2017,Confirmed,,Radio Television Afghanistan,killed
Lebanon,2024,Confirmed,Murder,Al-Mayadeen,killed
Afghanistan,2018,Confirmed,Murder,1TV,killed
Iraq,2012,Unconfirmed,Unknown,Sama Mosul,killed
Mali,2013,Confirmed,Murder,Radio France Internationale,killed
Pakistan,2014,Confirmed,Murder,Online International News Network,killed
Pakistan,2010,Confirmed,Murder,Daily Sindhu Hyderabad,killed
Syria,2012,Confirmed,Dangerous Assignment,France 2,killed
Greece,2021,Confirmed,Murder,"Bloko,Star TV",killed
Brazil,2022,Confirmed,Murder,Pirambu News,killed
Brazil,2015,Confirmed,Murder,Radio Liberdade FM 90.3,killed
Bangladesh,2012,Unconfirmed,,Maasranga Television,killed
Bangladesh,2023,Confirmed,Murder,Freelance,killed
Mexico,2014,Confirmed,Murder,Notisur and Liberal del Sur,killed
Philippines,2015,Unconfirmed,Unknown,Kabuhayan News Service,killed
France,2015,Confirmed,Dangerous Assignment,Freelance,killed
Mexico,2012,Unconfirmed,Unknown,Veracruznews,killed
Colombia,2012,Confirmed,Dangerous Assignment,Freelance,killed
Iraq,2024,Confirmed,Murder,Chatr Multimedia Production Company,killed
Turkey,2022,Confirmed,Murder,Ses Kocaeli,killed
Mexico,2021,Confirmed,Murder,"Panorama Pacífico,Noticias Minuto a Minuto",killed
Egypt,2013,Confirmed,Crossfire,Al-Jazeera,killed
Afghanistan,2017,Confirmed,Dangerous Assignment,Press TV,killed
Iraq,2011,Confirmed,Murder,Freelance,killed
Syria,2012,Unconfirmed,Unknown,Syrian State TV,killed
Pakistan,2013,Unconfirmed,Unknown,Daily Tawar,killed
Sudan,2023,Confirmed,Dangerous Assignment,Sudan Bukra,killed
Turkey,2017,Unconfirmed,,Orient Net,killed
Israel and the Occupied Palestinian Territory,2023,Confirmed,Dangerous Assignment,"Kanaan News Agency, Al-Quds Radio",killed
Israel and the Occupied Palestinian Territory,2014,Confirmed,,Media 24,killed
Syria,2018,Confirmed,Murder,Radio Fresh,killed
Israel and the Occupied Palestinian Territory,2024,Confirmed,Murder,Al-Jazeera,killed
Syria,2014,Unconfirmed,Unknown,Al-Manar TV,killed
Israel and the Occupied Palestinian Territory,2024,Confirmed,Dangerous Assignment,Record Media,killed
Sudan,2024,Confirmed,Dangerous Assignment,Al-Midan,killed
Israel and the Occupied Palestinian Territory,2024,Confirmed,Dangerous Assignment,Al Majedat Media Network,killed
Israel and the Occupied Palestinian Territory,2023,Confirmed,Dangerous Assignment,"TV Al-Kofiya,Baladna Web TV",killed
Cambodia,2012,Confirmed,Murder,Virakchun Khmer Daily,killed
Iraq,2017,Confirmed,Crossfire,Hona Salaheddin,killed
Bangladesh,2024,Confirmed,Dangerous Assignment,Dhaka Times,killed
Yemen,2016,Confirmed,Crossfire,Al-Masirah TV,killed
Bangladesh,2022,Unconfirmed,,"Kushtiar Khabar,CrimeVisionBD.com,Amader Notun Shomoy",killed
Iraq,2016,Confirmed,Murder,Al-Sharqiya,killed
Yemen,2011,Confirmed,Dangerous Assignment,Arabic Media Agency,killed
Israel and the Occupied Palestinian Territory,2023,Confirmed,,Al Quds TV,killed
Somalia,2012,Confirmed,Murder,Shabelle Media Network,killed
Somalia,2012,Confirmed,Murder,Radio Maanta,killed
Israel and the Occupied Palestinian Territory,2023,Confirmed,Dangerous Assignment,Freelance,killed
Syria,2012,Confirmed,Unknown,Al-Ikhbariya,killed
Syria,2017,Confirmed,Crossfire,Hawar News Agency (ANHA),killed
Yemen,2015,Confirmed,,Yemen Today,killed
Israel and the Occupied Palestinian Territory,2024,Confirmed,Dangerous Assignment,Al-Azhar Radio,killed
Mexico,2022,Confirmed,Murder,"NoticiasWeb,RCP Noticias",killed
Honduras,2011,Unconfirmed,Unknown,Omega Visión,killed
Mexico,2018,Unconfirmed,,"Excélsior, Imagen, Todo Noticias",killed
India,2010,Unconfirmed,Unknown,Freelance,killed
India,2015,Unconfirmed,Unknown,TV24,killed
Honduras,2010,Unconfirmed,Unknown,"Radio HRN, Cablevisión del Atlántico",killed
Peru,2016,Unconfirmed,Unknown,La Ribereña,killed
Iraq,2024,Confirmed,Murder,"Chatr Multimedia Production Company, Sterk TV",killed
Iraq,2011,Unconfirmed,Unknown,Freelance,killed
Somalia,2015,Confirmed,Murder,"Radio Mogadishu, Somali National TV",killed
Thailand,2010,Confirmed,Dangerous Assignment,Reuters,killed
Israel and the Occupied Palestinian Territory,2023,Confirmed,Dangerous Assignment,“Khabar” News Agency,killed
Iraq,2019,Confirmed,Dangerous Assignment,Freelance,killed
Afghanistan,2023,Confirmed,Murder,Afghan Voice Agency,killed
Syria,2012,Confirmed,Crossfire,Freelance,killed
Myanmar,2024,Confirmed,Murder,Freelance,killed
Mexico,2010,Unconfirmed,Unknown,"El Día de Michoacán, ADN",killed
Syria,2015,Confirmed,Crossfire,Aleppo Today,killed
Paraguay,2022,Unconfirmed,,Radio Amambay,killed
Mexico,2011,Unconfirmed,Unknown,"A Discusión, Radio Fórmula",killed
Zambia,2019,Unconfirmed,,Mission Press,killed
Israel and the Occupied Palestinian Territory,2023,Confirmed,Dangerous Assignment,Al-Aqsa Voice Radio,killed
Afghanistan,2017,Confirmed,Dangerous Assignment,Rah-E-Farda Radio and Television,killed
Israel and the Occupied Palestinian Territory,2024,Confirmed,Dangerous Assignment,"Freelance, Al Quds Al-Youm",killed
Israel and the Occupied Palestinian Territory,2012,Confirmed,Crossfire,Al-Aqsa,killed
Syria,2020,Confirmed,Murder,TRT Arabic,killed
Turkey,2015,Confirmed,Murder,"Eye on the Homeland, Raqqa is Being Slaughtered Silently",killed
Sudan,2024,Confirmed,Dangerous Assignment,Freelance,killed
Israel and the Occupied Palestinian Territory,2024,Confirmed,Dangerous Assignment,Freelance,killed
Syria,2018,Confirmed,Murder,Sy24,killed
Sierra Leone,2011,Unconfirmed,Unknown,The Exclusive,killed
Israel and the Occupied Palestinian Territory,2023,Confirmed,,Palestine Today TV,killed
Israel and the Occupied Palestinian Territory,2023,Confirmed,Dangerous Assignment,Ain Media,killed
Somalia,2018,Confirmed,,Universal TV,killed
Israel and the Occupied Palestinian Territory,2024,Confirmed,Dangerous Assignment,Freelance,killed
Syria,2016,Confirmed,Crossfire,Al Jazeera,killed
Sierra Leone,2018,Unconfirmed,,New Age,killed
Israel and the Occupied Palestinian Territory,2024,Confirmed,,Al-Quds Al-Youm TV,killed
Honduras,2017,Unconfirmed,Unknown,HCH,killed
Ukraine,2014,Confirmed,Crossfire,VGTRK,killed
Ukraine,2022,Confirmed,Dangerous Assignment,Freelance,killed
Syria,2012,Confirmed,Murder,Al-Thawra,killed
Pakistan,2014,Unconfirmed,Unknown,Daily Intekhab,killed
Nigeria,2017,Unconfirmed,,Anambra Broadcasting Service (ABS),killed
Nigeria,2013,Unconfirmed,Unknown,Anambra News,killed
Bangladesh,2020,Confirmed,Murder,Dainik Bijoy,killed
Pakistan,2011,Unconfirmed,Unknown,Darwanth,killed
Israel and the Occupied Palestinian Territory,2023,Confirmed,,Palestine TV,killed
Israel and the Occupied Palestinian Territory,2024,Confirmed,Dangerous Assignment,Freelance,killed
Pakistan,2013,Confirmed,Dangerous Assignment,Samaa TV,killed
Pakistan,2014,Confirmed,Murder,"Online International News Network, ARY News",killed
South Sudan,2016,Unconfirmed,Unknown,Freelance,killed
South Sudan,2012,Unconfirmed,Unknown,Freelance,killed
Israel and the Occupied Palestinian Territory,2024,Confirmed,Murder,Al Jazeera Arabic,killed
Brazil,2015,Confirmed,Murder,Rádio Itaenga FM,killed
Mexico,2020,Confirmed,Murder,El Salmantino,killed
Honduras,2010,Unconfirmed,Unknown,Radio Internacional,killed
Tanzania,2013,Unconfirmed,Unknown,Radio Kwizera,killed
Lebanon,2023,Confirmed,Murder,Reuters,killed
Israel and the Occupied Palestinian Territory,2023,Confirmed,Dangerous Assignment,Al-Aqsa TV,killed
Syria,2013,Confirmed,Crossfire,Freelance,killed
Brazil,2015,Confirmed,Murder,Blog Ítalo Diniz,killed
Brazil,2015,Unconfirmed,,100.5 FM Lider,killed
Israel and the Occupied Palestinian Territory,2024,Confirmed,Dangerous Assignment,Al-Aqsa Voice Radio,killed
Israel and the Occupied Palestinian Territory,2023,Confirmed,Dangerous Assignment,Al-Aqsa TV,killed
Israel and the Occupied Palestinian Territory,2023,Confirmed,Dangerous Assignment,Al-Quds Al-Youm,killed
USA,2016,Unconfirmed,Unknown,La Estrella,killed
Mexico,2021,Confirmed,Murder,Ori Stereo FM,killed
India,2015,Confirmed,Murder,Freelance,killed
Mexico,2020,Unconfirmed,,Prensa Libre MX,killed
Mexico,2013,Unconfirmed,Unknown,OjinagaNoticias,killed
Brazil,2018,Confirmed,Murder,Rádio Pérola,killed
Iraq,2015,Confirmed,Murder,Nineveh Reporters Network,killed
Yemen,2018,Confirmed,,Al-Maraweah Radio Broadcasting Center,killed
Iraq,2013,Confirmed,Murder,Salaheddin TV,killed
Israel and the Occupied Palestinian Territory,2023,Confirmed,Dangerous Assignment,Mithaq Media Foundation,killed
Yemen,2011,Confirmed,Dangerous Assignment,Al-Masdar,killed
Somalia,2021,Confirmed,Murder,Freelance,killed
Syria,2015,Confirmed,Crossfire,Freelance,killed
Saudi Arabia,2018,Confirmed,Murder,The Washington Post,killed
Israel and the Occupied Palestinian Territory,2023,Confirmed,Dangerous Assignment,Amwaj,killed
Bangladesh,2012,Confirmed,Murder,Gramer Kagoj,killed
Syria,2014,Confirmed,Murder,Freelance,killed
Afghanistan,2010,Confirmed,Crossfire,"Fort Campbell Courier, U.S. military publications",killed
Nepal,2010,Unconfirmed,Unknown,Channel Nepal and Space Time Network,killed
Slovakia,2018,Confirmed,Murder,Aktuality,killed
Pakistan,2011,Confirmed,Murder,Daily Tawar,killed
Mexico,2018,Unconfirmed,,Canal 10,killed
Mexico,2017,Confirmed,Murder,"Ríodoce,La Jornada",killed
France,2015,Confirmed,Murder,Charlie Hebdo,killed
Rwanda,2010,Confirmed,Murder,Umuvugizi,killed
Central African Republic,2022,Unconfirmed,,Anti Infox RCA,killed
Cameroon,2023,Confirmed,Murder,Freelance,killed
USA,2022,Confirmed,Murder,Las Vegas Review-Journal,killed
Brazil,2018,Confirmed,Murder,Beira Rio FM,killed
Libya,2016,Confirmed,Crossfire,Freelance,killed
Philippines,2013,Unconfirmed,Unknown,dyRC Radyo Calungsod,killed
Mexico,2016,Unconfirmed,Unknown,Antena 102.5 FM and Antena 760 AM,killed
Mexico,2018,Unconfirmed,,Orión Informativo,killed
Mexico,2020,Unconfirmed,,"Zarathustra Press,El Shock de la Noticia",killed
Mexico,2019,Unconfirmed,,Radio Oye 99.9 FM,killed
Mexico,2023,Unconfirmed,,Notiface,killed
Philippines,2021,Confirmed,Murder,"Manila Standard,Manila Times,Bandera",killed
Philippines,2022,Confirmed,Murder,"Sagad and Bugso,Radyo Ukay,Energy FM 106.7",killed
Syria,2016,Confirmed,Unknown,Freelance,killed
Syria,2024,Confirmed,Dangerous Assignment,Hawar News Agency (ANHA),killed
Haiti,2024,Confirmed,Murder,Moun Afe Bon,killed
India,2013,Unconfirmed,Unknown,Prabhat Khabhar,killed
Mozambique,2023,Unconfirmed,,Ponto por Ponto,killed
Brazil,2016,Confirmed,Murder,SAD Sem Censura,killed
Brazil,2016,Unconfirmed,,Radio Difusora AM,killed
Philippines,2017,Confirmed,Murder,Remate,killed
Philippines,2013,Confirmed,Murder,DXGT Radio,killed
Philippines,2020,Confirmed,Murder,Balangibog,killed
Democratic Republic of the Congo,2021,Confirmed,Murder,Radio Télévision Communautaire de Babombi,killed
Philippines,2018,Confirmed,Murder,Home Radio Legazpi,killed
Kenya,2015,Confirmed,Murder,Mirror Weekly,killed
USA,2018,Confirmed,Murder,Capital Gazette,killed
Haiti,2022,Confirmed,Murder,Radio Écoute FM,killed
Rwanda,2023,Unconfirmed,,"The Chronicles,Pax TV-Ireme News",killed
Syria,2015,Confirmed,Crossfire,Shahba Press Agency,killed
Honduras,2010,Unconfirmed,Unknown,Televisión de Honduras,killed
Mexico,2019,Confirmed,Murder,El Gráfico,killed
Mexico,2020,Confirmed,Murder,"Última Palabra,Medios Obson",killed
Mexico,2010,Unconfirmed,Unknown,El Sol de la Costa,killed
Honduras,2020,Unconfirmed,,Canal 45TV,killed
Mexico,2014,Unconfirmed,Unknown,"Dictamen, Libertad Guerrero Noticias",killed
Colombia,2020,Confirmed,Dangerous Assignment,Nación Nasa,killed
Dominican Republic,2011,Confirmed,Murder,"La Voz de la Verdad, Caña TV",killed
Honduras,2019,Unconfirmed,,Puerto Visión,killed
Honduras,2010,Unconfirmed,Unknown,Excélsior,killed
Philippines,2015,Unconfirmed,Unknown,DWBL and DWIZ Radio; Bandera Pilipino,killed
Venezuela,2020,Unconfirmed,,Omega 94.1 FM,killed
Colombia,2013,Confirmed,,Extra Quindío,killed
Mexico,2018,Unconfirmed,,Semanario Playa News,killed
Mexico,2022,Unconfirmed,,"Inforegiom,La Noticia",killed
Mexico,2010,Unconfirmed,Unknown,Línea Directa,killed
Mexico,2015,Confirmed,Murder,La Unión,killed
Peru,2011,Unconfirmed,Unknown,"Radio Alas Peruanas, BTV Canal 45",killed
Brazil,2013,Confirmed,Murder,Jornal Hora H,killed
Philippines,2010,Confirmed,Murder,DZJC,killed
Honduras,2010,Confirmed,Murder,TV Channel 51,killed
Mexico,2022,Unconfirmed,,A Qué Le Temes,killed
Honduras,2013,Unconfirmed,Unknown,Globo,killed
Mexico,2018,Unconfirmed,,"Sin Reservas,Channel 9",killed
Mexico,2022,Unconfirmed,,Testigo Minero,killed
Mexico,2010,Unconfirmed,Unknown,El Sol de Acapulco,killed
Colombia,2018,Confirmed,Murder,El Comercio,killed
Philippines,2023,Unconfirmed,,94.7 Gold Mega Calamba FM,killed
Mexico,2015,Unconfirmed,Unknown,Escribiendo la Verdad,killed
Peru,2011,Unconfirmed,Unknown,Ollantay Radio,killed
Mexico,2020,Confirmed,Murder,El Mundo,killed
Philippines,2012,Unconfirmed,Unknown,DWJJ,killed
India,2011,Confirmed,Murder,Midday,killed
Turkey,2014,Confirmed,,Azadiya Welat,killed
Syria,2018,Confirmed,Crossfire,Jarabulus Media Office,killed
Iraq,2012,Unconfirmed,Unknown,Salaheddin Channel,killed
Pakistan,2024,Confirmed,Murder,"Freelance, Waziristan TV",killed
Syria,2017,Confirmed,Crossfire,Sama TV,killed
Bahrain,2011,Confirmed,Murder,Al-Wasat,killed
India,2016,Confirmed,Murder,Jansandesh Times,killed
India,2019,Unconfirmed,,Andhra Jyothy,killed
Iraq,2013,Confirmed,Murder,"Rayel, Awene",killed
Russia,2012,Confirmed,Murder,VGTRK,killed
Syria,2015,Confirmed,Murder,Freelance,killed
Iraq,2014,Confirmed,Dangerous Assignment,Al-Iraqiya,killed
Syria,2017,Confirmed,Crossfire,RT,killed
Yemen,2015,Confirmed,Dangerous Assignment,Al-Masirah TV,killed
Libya,2016,Confirmed,Crossfire,Freelance,killed
Syria,2016,Confirmed,Murder,Freelance,killed
Israel and the Occupied Palestinian Territory,2014,Confirmed,Crossfire,Continue Production Films,killed
Iraq,2014,Confirmed,Crossfire,Al-Ahad TV,killed
Sudan,2024,Confirmed,,Supreme Council for Media and Culture,killed
Israel and the Occupied Palestinian Territory,2023,Confirmed,Dangerous Assignment,Al-Aqsa TV,killed
Pakistan,2024,Confirmed,Murder,Khyber News,killed
Denmark,2017,Confirmed,Dangerous Assignment,Freelance,killed
Central African Republic,2018,Confirmed,Murder,The Investigations Management Centre (TsUR),killed
India,2016,Unconfirmed,Unknown,Jai Hind,killed
Nigeria,2024,Confirmed,Dangerous Assignment,Freelance,killed
Pakistan,2010,Unconfirmed,Unknown,Daily Intikhab,killed
Philippines,2016,Confirmed,Murder,Catanduanes News Now,killed
Guatemala,2018,Unconfirmed,,Nuestro Diario,killed
Syria,2012,Confirmed,Crossfire,Shaam News Network,killed
Vietnam,2011,Unconfirmed,Unknown,Nguoi Lao Dong,killed
Indonesia,2012,Confirmed,Dangerous Assignment,Papua Pos Nabire and Pasifik Pos Dail,killed
Mexico,2018,Confirmed,Murder,Enlace Informativo Regional,killed
Philippines,2017,Unconfirmed,,"Sapol,Balita,Radio Mindanao Network",killed
Honduras,2019,Confirmed,Murder,Valle TV,killed
Brazil,2020,Unconfirmed,,A Voz Araruamense,killed
Dominican Republic,2017,Unconfirmed,Unknown,FM 103.5,killed
Mexico,2018,Confirmed,Murder,El Sillón,killed
Iraq,2014,Confirmed,Crossfire,Firat News Agency,killed
China,2011,Unconfirmed,Unknown,Luoyang TV,killed
Somalia,2013,Confirmed,Murder,Kalsan TV,killed
Somalia,2012,Confirmed,Murder,Somali National TV,killed
Colombia,2019,Unconfirmed,,Freelance,killed
Syria,2013,Confirmed,Crossfire,Freelance,killed
Lebanon,2021,Confirmed,Murder,Freelance,killed
Iraq,2017,Confirmed,Crossfire,Al-Nujaba TV,killed
Paraguay,2020,Confirmed,Murder,Porã News,killed
Tunisia,2011,Confirmed,Dangerous Assignment,European Pressphoto Agency,killed
Brazil,2016,Unconfirmed,Unknown,Olhos de Águia,killed
Brazil,2011,Confirmed,Murder,TV Vitória and Radio Metropolitana FM,killed
Honduras,2024,Unconfirmed,,Pecaligüe TV,killed
Honduras,2020,Confirmed,Murder,Freelance,killed
Colombia,2015,Confirmed,Murder,Linda Stereo,killed
Honduras,2010,Unconfirmed,Unknown,Channel 19,killed
Colombia,2014,Unconfirmed,Unknown,Morena FM,killed
Mexico,2010,Confirmed,Murder,El Diario,killed
Peru,2013,Unconfirmed,Unknown,El Comercio,killed
Guatemala,2013,Unconfirmed,Unknown,Radio Sultana de Oriente,killed
Colombia,2011,Unconfirmed,Unknown,Freelance,killed
Mexico,2011,Confirmed,Murder,La Prensa,killed
Mexico,2022,Unconfirmed,,"El Debate,Fuentes Fidegnas",killed
Honduras,2011,Unconfirmed,Unknown,Channel 24,killed
Colombia,2023,Unconfirmed,,Notiorense,killed
Brazil,2017,Confirmed,Murder,Freelance,killed
Dominican Republic,2017,Unconfirmed,Unknown,FM 103.5,killed
Poland,2015,Confirmed,Murder,Nasza Mława,killed
Yemen,2014,Confirmed,Murder,Freelance,killed
Honduras,2011,Unconfirmed,Unknown,Cadena Hondureña de Noticias,killed
UK,2019,Confirmed,Dangerous Assignment,Freelance,killed
Brazil,2013,Confirmed,Murder,FM Rio Jaguaribe,killed
Somalia,2016,Confirmed,Crossfire,Codka Mudug Radio,killed
Somalia,2012,Confirmed,Murder,Shabelle Media Network,killed
Afghanistan,2018,Confirmed,Murder,"Radio Azadi,Radio Free Europe/Radio Liberty",killed
Azerbaijan,2021,Confirmed,Crossfire,AzerTag,killed
Israel and the Occupied Palestinian Territory,2024,Confirmed,,Al-Quds Al-Youm TV,killed
Syria,2023,Confirmed,Murder,Daraa 24,killed
Israel and the Occupied Palestinian Territory,2012,Confirmed,Crossfire,Al-Aqsa,killed
Israel and the Occupied Palestinian Territory,2024,Confirmed,Dangerous Assignment,Palestine Post,killed
Syria,2013,Confirmed,Crossfire,"Sana al-Thawra, Moadamyat Al-Sham Media Center",killed
Syria,2016,Confirmed,,Al-Aan FM,killed
Syria,2014,Confirmed,Crossfire,Al-Jazeera,killed
Israel and the Occupied Palestinian Territory,2024,Confirmed,Dangerous Assignment,Freelance,killed
Israel and the Occupied Palestinian Territory,2023,Confirmed,Dangerous Assignment,Al-Jamaheer,killed
Israel and the Occupied Palestinian Territory,2023,Confirmed,,Palestine TV,killed
Syria,2016,Confirmed,Crossfire,Freelance,killed
Sudan,2024,Unconfirmed,,SUNA,killed
Ukraine,2022,Confirmed,Crossfire,LB.ua,killed
Russia,2018,Unconfirmed,,Novy Den,killed
Afghanistan,2020,Confirmed,Murder,Enikass Radio and TV,killed
Pakistan,2010,Confirmed,Crossfire,Samaa TV,killed
Pakistan,2013,Unconfirmed,Unknown,Geo TV and News International,killed
Israel and the Occupied Palestinian Territory,2024,Confirmed,Dangerous Assignment,Al-Aqsa TV,killed
India,2021,Confirmed,Murder,Sudarshan TV,killed
Ukraine,2022,Confirmed,Crossfire,Freelance,killed
Mexico,2021,Unconfirmed,,Freelance,killed
Honduras,2010,Unconfirmed,Unknown,Radio Super 10,killed
Mexico,2016,Unconfirmed,Unknown,Noticias MT,killed
Indonesia,2021,Unconfirmed,,Lassar News Today,killed
Ivory Coast,2011,Confirmed,,La Refondation,killed
Democratic Republic of the Congo,2016,Unconfirmed,Unknown,Radio Télévision nationale congolaise,killed
Haiti,2024,Confirmed,Murder,Freelance,killed
Mexico,2012,Unconfirmed,Unknown,El Regional de Sonora and El Diario de Sonora,killed
Mexico,2010,Unconfirmed,Unknown,XEDD La Tremenda,killed
Brazil,2014,Confirmed,Murder,Ubatuba Cobra,killed
Colombia,2021,Confirmed,Murder,Freelance,killed
Mexico,2018,Confirmed,Murder,"Noticias, Voz e Imagen de Oaxaca",killed
Colombia,2024,Unconfirmed,,Sonora Estéreo,killed
Colombia,2017,Confirmed,Dangerous Assignment,Renacer Kokonuko,killed
Mexico,2020,Confirmed,Murder,"El Diario de Xalapa,El Quinto Poder",killed
Mexico,2011,Confirmed,Murder,Freelance,killed
Mexico,2010,Unconfirmed,Unknown,Nueva Línea,killed
Mexico,2022,Unconfirmed,,Freelance,killed
Philippines,2011,Unconfirmed,Unknown,DZME,killed
Syria,2012,Confirmed,Murder,The Sunday Times,killed
Mexico,2018,Confirmed,Murder,El Heraldo de Chiapas,killed
Guatemala,2020,Unconfirmed,,San José Total,killed
Brazil,2012,Confirmed,Murder,Vassouras na Net,killed
Philippines,2013,Confirmed,Murder,Freelance,killed
Philippines,2013,Unconfirmed,Unknown,Radyo Natin and DXNC-Radyo Suhnan,killed
Cameroon,2023,Confirmed,Murder,Amplitude FM,killed
Israel and the Occupied Palestinian Territory,2023,Confirmed,Dangerous Assignment,Alef Multimedia,killed
Syria,2014,Unconfirmed,Unknown,Jasim Media Center,killed
Bangladesh,2015,Unconfirmed,Unknown,Juger Alo,killed
Mexico,2024,Confirmed,Murder,"Radiorama Michoacán, Minuto x Minuto",killed
Colombia,2019,Unconfirmed,,Freelance,killed
Philippines,2015,Unconfirmed,Unknown,dyRD,killed
Haiti,2022,Confirmed,Dangerous Assignment,Roi des Infos,killed
Mexico,2017,Confirmed,Murder,Freelance,killed
Nigeria,2020,Unconfirmed,,Federal Radio Corporation of Nigeria,killed
Syria,2012,Confirmed,Crossfire,Press TV,killed
Egypt,2014,Confirmed,Crossfire,Al-Dustour,killed
Iraq,2010,Unconfirmed,Unknown,Al-Mosuliya,killed
Syria,2012,Confirmed,Crossfire,Freelance,killed
Bangladesh,2012,Unconfirmed,,ATN Bangla Television,killed
Pakistan,2010,Unconfirmed,Unknown,Awaz,killed
Pakistan,2013,Unconfirmed,Unknown,The Daily Intekhab,killed
Pakistan,2016,Confirmed,Dangerous Assignment,DawnNews,killed
Philippines,2015,Unconfirmed,Unknown,Philippine Daily Inquirer,killed
Paraguay,2011,Unconfirmed,Unknown,La Voz de Ytakyry,killed
Turkey,2010,Unconfirmed,Unknown,Azadiya Welat,killed
South Africa,2014,Confirmed,Murder,Freelance,killed
Egypt,2013,Confirmed,Dangerous Assignment,Sky News,killed
Mexico,2011,Unconfirmed,,Notiver,killed
Philippines,2010,Unconfirmed,Unknown,DWEB,killed
Syria,2012,Confirmed,Crossfire,Japan Press,killed
Russia,2013,Confirmed,Murder,Khimkinskaya Pravda,killed
Afghanistan,2021,Confirmed,Murder,Ariana News TV,killed
Afghanistan,2020,Confirmed,Murder,Khurshid TV,killed
Mexico,2017,Confirmed,Murder,La Jornada,killed
Pakistan,2013,Confirmed,Dangerous Assignment,News Network International,killed
Pakistan,2019,Confirmed,Murder,92 News,killed
Mexico,2011,Unconfirmed,Unknown,Notiver,killed
Pakistan,2010,Confirmed,Murder,Ausaf and Mashriq,killed
Israel and the Occupied Palestinian Territory,2023,Confirmed,Dangerous Assignment,Al-Aqsa TV,killed
Israel and the Occupied Palestinian Territory,2023,Confirmed,Dangerous Assignment,Al-Rai,killed
Syria,2017,Confirmed,Crossfire,Nabd Syria Satellite Station/ Syria Media Organization (SMO),killed
Iraq,2010,Confirmed,,Al-Arabiya,killed
Syria,2013,Unconfirmed,Unknown,Syria News,killed
Israel and the Occupied Palestinian Territory,2023,Confirmed,Dangerous Assignment,WAFA,killed
Israel and the Occupied Palestinian Territory,2024,Confirmed,,"Al-Aqsa Voice Radio, Shams News Agency",killed
Syria,2013,Confirmed,Crossfire,Shahba Press,killed
Iraq,2011,Confirmed,Dangerous Assignment,Al-Itijah,killed
Syria,2012,Confirmed,Crossfire,Freelance,killed
Syria,2013,Confirmed,Crossfire,Al-Jazeera,killed
Israel and the Occupied Palestinian Territory,2023,Confirmed,,Al-Rai,killed
Libya,2019,Confirmed,Crossfire,Freelance,killed
Somalia,2018,Confirmed,,Universal TV,killed
Israel and the Occupied Palestinian Territory,2024,Confirmed,Dangerous Assignment,Al-Quds Radio,killed
Israel and the Occupied Palestinian Territory,2024,Confirmed,Dangerous Assignment,Freelance,killed
Somalia,2017,Unconfirmed,,Kalsan TV,killed
Somalia,2013,Confirmed,Murder,"Radio Mogadishu, Somali National Television",killed
Somalia,2014,Confirmed,Murder,Kalsan TV,killed
Somalia,2022,Confirmed,Dangerous Assignment,M24 Somali TV,killed
Israel and the Occupied Palestinian Territory,2024,Confirmed,Dangerous Assignment,Al-Quds Al-Youm,killed
Israel and the Occupied Palestinian Territory,2023,Confirmed,,Al Aqsa TV,killed
Israel and the Occupied Palestinian Territory,2024,Confirmed,Dangerous Assignment,Palestine Now,killed
Israel and the Occupied Palestinian Territory,2024,Confirmed,Dangerous Assignment,Al-Aqsa Voice Radio,killed
Somalia,2013,Confirmed,Murder,Universal TV,killed
Somalia,2012,Confirmed,Murder,Shabelle Media Network,killed
Israel and the Occupied Palestinian Territory,2023,Confirmed,Dangerous Assignment,Freelance,killed
Israel and the Occupied Palestinian Territory,2023,Confirmed,Dangerous Assignment,Al Quds,killed
Israel and the Occupied Palestinian Territory,2023,Confirmed,Dangerous Assignment,Al-Istiklal,killed
Syria,2012,Confirmed,Crossfire,Enab Baladi,killed
Syria,2013,Confirmed,Crossfire,Qaboun Media Center,killed
Somalia,2019,Confirmed,Dangerous Assignment,SBC TV,killed
Libya,2011,Confirmed,,Freelance,killed
Yemen,2015,Confirmed,Crossfire,Yemen Today,killed
Syria,2014,Confirmed,Crossfire,SMART News Agency,killed
Israel and the Occupied Palestinian Territory,2024,Confirmed,Dangerous Assignment,Freelance,killed
Syria,2013,Confirmed,Crossfire,Shahba Press,killed
Afghanistan,2018,Confirmed,,Agence France-Presse,killed
Yemen,2018,Confirmed,Crossfire,Belqees TV,killed
Pakistan,2012,Confirmed,,ARY Television,killed
Israel and the Occupied Palestinian Territory,2023,Confirmed,Dangerous Assignment,Palestine Today,killed
Afghanistan,2018,Confirmed,,Radio Television Afghanistan,killed
Israel and the Occupied Palestinian Territory,2023,Confirmed,Dangerous Assignment,Smart Media,killed
Pakistan,2014,Confirmed,,Express TV,killed
Syria,2017,Unconfirmed,,SANA (Syrian Arab News Agency),killed
Afghanistan,2016,Confirmed,Murder,Melli Paigham Radio,killed
Syria,2013,Confirmed,Murder,Al-Arabiya,killed
Afghanistan,2018,Confirmed,Dangerous Assignment,Radio Television Afghanistan,killed
Pakistan,2010,Confirmed,,Aaj TV,killed
Syria,2012,Confirmed,Crossfire,Al-Ikhbariya,killed
Afghanistan,2020,Confirmed,,Enikass Radio and TV,killed
Afghanistan,2016,Unconfirmed,Unknown,Nangarhar Radio and Television,killed
Iraq,2013,Confirmed,,Salaheddin TV,killed
Israel and the Occupied Palestinian Territory,2024,Confirmed,Dangerous Assignment,Al-Manara Agency,killed
Israel and the Occupied Palestinian Territory,2024,Confirmed,Dangerous Assignment,"Freelance, Al-Hadath",killed
Israel and the Occupied Palestinian Territory,2023,Confirmed,Dangerous Assignment,Palestine TV,killed
Israel and the Occupied Palestinian Territory,2024,Confirmed,Dangerous Assignment,"Al-Risala, Felesteen",killed
Israel and the Occupied Palestinian Territory,2024,Confirmed,Dangerous Assignment,Shams News Agency,killed
Israel and the Occupied Palestinian Territory,2024,Confirmed,Dangerous Assignment,Snd News Agency,killed
Syria,2015,Confirmed,Crossfire,Al-Jazeera,killed
Syria,2012,Confirmed,Crossfire,Al-Ikhbariya,killed
Israel and the Occupied Palestinian Territory,2024,Confirmed,Murder,Al Quds Al-Youm,killed
Yemen,2024,Confirmed,Murder,Yemen Today,killed
Libya,2011,Confirmed,Crossfire,Libya Al-Hurra TV,killed
Syria,2014,Confirmed,Crossfire,Rozana Radio,killed
Israel and the Occupied Palestinian Territory,2024,Confirmed,,Al-Quds Al-Youm,killed
Israel and the Occupied Palestinian Territory,2023,Confirmed,Dangerous Assignment,Fourth Authority news agency,killed
Israel and the Occupied Palestinian Territory,2024,Confirmed,Dangerous Assignment,Freelance,killed
Israel and the Occupied Palestinian Territory,2024,Confirmed,Dangerous Assignment,Al-Aqsa TV,killed
Israel and the Occupied Palestinian Territory,2023,Confirmed,Dangerous Assignment,Al-Shabab Radio (Youth Radio),killed
Afghanistan,2017,Confirmed,,Radio Television Afghanistan,killed
Israel and the Occupied Palestinian Territory,2024,Confirmed,Dangerous Assignment,"Al-Resalah,Raseef22",killed
Israel and the Occupied Palestinian Territory,2024,Confirmed,Dangerous Assignment,Al Mashhad Media,killed
Israel and the Occupied Palestinian Territory,2024,Confirmed,Dangerous Assignment,Palestine Now,killed
Syria,2016,Confirmed,Murder,Nateq Network,killed
Bangladesh,2023,Unconfirmed,,"Newsnow24, Dainik Amader Shomoy",killed
Yemen,2016,Confirmed,Crossfire,Freelance,killed
Iraq,2013,Confirmed,Murder,Al-Sharqiyah,killed
Syria,2019,Confirmed,Crossfire,Cira TV,killed
Israel and the Occupied Palestinian Territory,2023,Confirmed,Dangerous Assignment,Al Resalah,killed
Israel and the Occupied Palestinian Territory,2024,Confirmed,Dangerous Assignment,Freelance,killed
Iraq,2013,Confirmed,Murder,Al-Sharqiyah,killed
Afghanistan,2017,Confirmed,,BBC,killed
Israel and the Occupied Palestinian Territory,2014,Confirmed,,Palestine Network for Press and Media,killed
Lebanon,2024,Confirmed,,Al-Mayadeen TV,killed
Syria,2016,Confirmed,Crossfire,"All4Syria, Al-Nabaa Media Center",killed
Israel and the Occupied Palestinian Territory,2023,Confirmed,Dangerous Assignment,“Khabar” News Agency,killed
Iraq,2016,Unconfirmed,Unknown,Radio Baba Gurgur,killed
Bangladesh,2022,Unconfirmed,,Dainik Cumillar Dak,killed
Syria,2016,Confirmed,Crossfire,Islamic Republic of Iran Broadcasting,killed
Mexico,2016,Unconfirmed,Unknown,Grupo VX,killed
Syria,2013,Confirmed,Crossfire,Freelance,killed
Guinea,2014,Confirmed,,Radio Rurale de N'Zérékoré,killed
Syria,2012,Confirmed,Dangerous Assignment,Al-Thawra and Syria al-Qalaa,killed
Yemen,2015,Confirmed,,Yemen Today,killed
Israel and the Occupied Palestinian Territory,2023,Confirmed,Dangerous Assignment,Anadolu Agency,killed
Syria,2012,Confirmed,Murder,Tishreen,killed
Egypt,2013,Confirmed,Dangerous Assignment,Rassd News Network,killed
Israel and the Occupied Palestinian Territory,2023,Confirmed,Dangerous Assignment,Freelance,killed
Israel and the Occupied Palestinian Territory,2023,Confirmed,Dangerous Assignment,MSDR News,killed
Israel and the Occupied Palestinian Territory,2023,Confirmed,Dangerous Assignment,Al Aqsa TV,killed
Syria,2014,Confirmed,Crossfire,Freelance,killed
Israel and the Occupied Palestinian Territory,2023,Confirmed,Dangerous Assignment,Namaa Radio,killed
France,2015,Confirmed,Murder,Charlie Hebdo,killed
Iraq,2011,Confirmed,Dangerous Assignment,Al-Ayn,killed
Sudan,2024,Confirmed,Murder,Freelance,killed
Yemen,2016,Confirmed,Crossfire,Nabaa Media Foundation,killed
Libya,2015,Confirmed,Murder,Al-Anwar,killed
Libya,2014,Confirmed,Murder,Brnieq,killed
Yemen,2010,Confirmed,Murder,Al-Qahira,killed
Pakistan,2024,Unconfirmed,,Awaz TV,killed
Pakistan,2019,Unconfirmed,,Freelance,killed
Syria,2013,Confirmed,Crossfire,Revolutionaries of Daraa Al-Muhata – Tariq Al-Sadd,killed
Pakistan,2017,Unconfirmed,Unknown,Qudrat,killed
Israel and the Occupied Palestinian Territory,2024,Confirmed,Dangerous Assignment,Al Aqsa TV,killed
Pakistan,2024,Unconfirmed,,"Daily Baakhabar, Independent News Pakistan",killed
Pakistan,2016,Unconfirmed,Unknown,Daily Dera News,killed
Indonesia,2018,Unconfirmed,,Kemajuan Rakyat,killed
Pakistan,2021,Confirmed,Murder,"Sada-e-Malakand,Citizen Journalist PK",killed
Syria,2013,Confirmed,Crossfire,Jisr Al-Shaghur Multimedia Network,killed
Pakistan,2012,Confirmed,Murder,Freelance,killed
Pakistan,2011,Unconfirmed,Unknown,"Online News Network, Sabzbaat TV",killed
Iraq,2024,Confirmed,Dangerous Assignment,Çira TV,killed
Kazakhstan,2022,Confirmed,,Almaty TV,killed
Libya,2018,Confirmed,Murder,Fasanea,killed
South Sudan,2015,Confirmed,Murder,Raja FM,killed
Pakistan,2012,Confirmed,Dangerous Assignment,Dharti Television Network and Mehran,killed
Somalia,2015,Confirmed,Dangerous Assignment,Freelance,killed
Syria,2016,Confirmed,Murder,Shaam News Network,killed
Syria,2024,Confirmed,Dangerous Assignment,Freelance,killed
Israel and the Occupied Palestinian Territory,2024,Confirmed,Dangerous Assignment,"Freelance,Al Jazeera",killed
Israel and the Occupied Palestinian Territory,2024,Confirmed,Dangerous Assignment,Palestine Breaking News,killed
Iraq,2016,Confirmed,Crossfire,Kurdistan TV,killed
Syria,2018,Confirmed,Crossfire,Sama TV,killed
Israel and the Occupied Palestinian Territory,2024,Confirmed,Murder,Freelance,killed
Iraq,2014,Confirmed,Dangerous Assignment,Al-Iraqiya,killed
India,2014,Confirmed,Murder,Andhra Prabha,killed
Myanmar,2024,Confirmed,Murder,Western News,killed
Yemen,2020,Confirmed,Murder,Freelance,killed
Israel and the Occupied Palestinian Territory,2024,Confirmed,Dangerous Assignment,Freelance,killed
Afghanistan,2019,Unconfirmed,,Sada-e-Gardiz Radio,killed
Israel and the Occupied Palestinian Territory,2024,Confirmed,Dangerous Assignment,Palestine TV,killed
Honduras,2010,Confirmed,Murder,TV Channel 5,killed
Afghanistan,2016,Confirmed,Crossfire,Ariana News,killed
Syria,2012,Confirmed,Crossfire,Tishreen,killed
Turkey,2015,Confirmed,Murder,"Hentah, Raqqa is Being Slaughtered Silently",killed
Syria,2023,Confirmed,,Jin TV,killed
Nigeria,2012,Unconfirmed,Unknown,Highland FM,killed
Chad,2022,Confirmed,Dangerous Assignment,Radio Cefod,killed
India,2013,Confirmed,Murder,Sadhana,killed
Pakistan,2024,Confirmed,Murder,Awami Awaz Newspaper,killed
Pakistan,2011,Confirmed,Murder,Pakistan Television and Mashriq,killed
Nigeria,2010,Confirmed,Murder,The Light Bearer,killed
India,2017,Unconfirmed,,Hindustan,killed
India,2018,Confirmed,Murder,Dainik Bhaskar,killed
Iraq,2013,Confirmed,Murder,Al-Mosuliya TV,killed
Syria,2024,Confirmed,Dangerous Assignment,Freelance,killed
Israel and the Occupied Palestinian Territory,2023,Confirmed,,Palestine TV,killed
Haiti,2019,Confirmed,Murder,"Radio Panic FM,Radio Méga",killed
Mexico,2023,Unconfirmed,,Lo Real de Guerrero,killed
India,2013,Unconfirmed,Unknown,Freelance,killed
Philippines,2015,Unconfirmed,Unknown,Abante,killed
Honduras,2014,Unconfirmed,Unknown,"Canal 23, Radio Full FM",killed
Honduras,2011,Unconfirmed,Unknown,"Radio Joconguera, Radio Progreso",killed
Philippines,2012,Unconfirmed,Unknown,DXHM Radio,killed
Mexico,2019,Confirmed,Murder,El Observatorio del Sur,killed
El Salvador,2016,Unconfirmed,Unknown,Radio Expressa,killed
Philippines,2011,Unconfirmed,Unknown,DYRI-RMN Radio,killed
Russia,2017,Confirmed,Murder,Novy Peterburg,killed
Philippines,2014,Unconfirmed,Unknown,dwIM Radyo Mindoro,killed
Bangladesh,2015,Confirmed,Murder,Freelance,killed
Afghanistan,2014,Confirmed,Dangerous Assignment,Sveriges Radio,killed
Syria,2016,Confirmed,Unknown,Freelance,killed
Pakistan,2024,Unconfirmed,,International News Agency,killed
Iraq,2020,Unconfirmed,,Al-Rasheed TV,killed
Mexico,2011,Confirmed,Murder,Freelance,killed
Afghanistan,2014,Unconfirmed,Unknown,Bost,killed
Somalia,2011,Confirmed,Dangerous Assignment,Bernama TV,killed
Mexico,2019,Confirmed,Murder,"Tabasco Hoy,Diario Presente",killed
Israel and the Occupied Palestinian Territory,2024,Confirmed,Dangerous Assignment,Freelance,killed
Syria,2013,Confirmed,Crossfire,Freelance,killed
Syria,2015,Confirmed,Crossfire,Al Etihad Press,killed
Afghanistan,2018,Confirmed,Murder,1TV,killed
Bangladesh,2014,Unconfirmed,Unknown,Channel i Television,killed
Syria,2015,Confirmed,Crossfire,SMART News Agency,killed
Chad,2019,Confirmed,Crossfire,Télé Tchad,killed
Syria,2018,Confirmed,Crossfire,Damaski Media Agency,killed
Mexico,2014,Confirmed,Murder,El Buen Tono,killed
Ukraine,2022,Confirmed,Crossfire,The Insider,killed
Ukraine,2022,Confirmed,Dangerous Assignment,Freelance,killed
Israel and the Occupied Palestinian Territory,2024,Confirmed,Dangerous Assignment,Sawt al Watan,killed
Israel and the Occupied Palestinian Territory,2023,Confirmed,Dangerous Assignment,Freelance,killed
Ukraine,2022,Confirmed,Crossfire,Fox News,killed
Syria,2013,Confirmed,Crossfire,Freelance,killed
Syria,2014,Confirmed,Crossfire,Al-Mayadeen,killed
Afghanistan,2017,Confirmed,,Radio Television Afghanistan,killed
Yemen,2018,Confirmed,Crossfire,Al-Maraweah Radio Broadcasting Center,killed
Mexico,2019,Unconfirmed,,"Noticieros Altavoz,Évora Sport",killed
Iraq,2010,Confirmed,Crossfire,Al-Anbar TV,killed
Nigeria,2020,Confirmed,Dangerous Assignment,Gboah TV,killed
Brazil,2015,Unconfirmed,Unknown,Blog do Roberto Lano,killed
Central African Republic,2018,Confirmed,Murder,The Investigations Management Centre (TsUR),killed
Philippines,2021,Confirmed,Murder,"Newsline Philippines,Energy FM",killed
Guatemala,2022,Unconfirmed,,Noticias del Puerto,killed
Syria,2017,Confirmed,Unknown,Abounaddara Collective,killed
Syria,2016,Confirmed,Crossfire,Images Live,killed
Syria,2017,Confirmed,Crossfire,Syrian Media Organization (SMO),killed
Paraguay,2014,Confirmed,Murder,ABC Color,killed
Mexico,2020,Confirmed,Murder,PM Noticias,killed
Albania,2023,Confirmed,,Top Channel,killed
Afghanistan,2014,Unconfirmed,Unknown,Bayan-e-Shamal,killed
Democratic Republic of the Congo,2019,Unconfirmed,,Radio Communautaire de Lwemba,killed
Democratic Republic of the Congo,2010,Unconfirmed,Unknown,Freelance,killed
Mexico,2024,Unconfirmed,,Hechos,killed
Uganda,2010,Confirmed,Murder,TOP Radio and TV,killed
Colombia,2018,Confirmed,Murder,El Comercio,killed
Mozambique,2015,Unconfirmed,Unknown,Diario de Noticias,killed
Brazil,2012,Unconfirmed,Unknown,Jornal Da Praça and Mercosul News,killed
Ukraine,2016,Confirmed,Murder,"Ukrainska Pravda, Radio Vesti",killed
Peru,2011,Confirmed,Murder,Channel 6,killed
Honduras,2020,Unconfirmed,,Radio Bambi,killed
Brazil,2014,Confirmed,Murder,Panorama Regional,killed
Mexico,2016,Unconfirmed,Unknown,Freelance,killed
Philippines,2022,Confirmed,Murder,DWBL 1242 Radio,killed
Pakistan,2010,Confirmed,Dangerous Assignment,Waqt TV,killed
South Sudan,2015,Unconfirmed,Unknown,Freelance,killed
Netherlands,2021,Unconfirmed,,,killed
Haiti,2019,Unconfirmed,,Radio Sans Fin,killed
Thailand,2011,Confirmed,Dangerous Assignment,Sue Samut Atyakam,killed
France,2015,Confirmed,Murder,Freelance,killed
Ukraine,2022,Confirmed,Crossfire,Fox News,killed
South Sudan,2015,Unconfirmed,Unknown,Radio Tamazuj,killed
Nigeria,2019,Confirmed,Dangerous Assignment,Channels TV,killed
Myanmar,2022,Confirmed,Murder,Khonumthung Media Group,killed
Syria,2017,Confirmed,Crossfire,Al-Jisr TV,killed
Iraq,2013,Confirmed,Murder,Salaheddin TV,killed
Lebanon,2023,Confirmed,Dangerous Assignment,Al-Mayadeen TV,killed
Iraq,2014,Unconfirmed,Unknown,Sama Salaheddin Channel,killed
Syria,2018,Confirmed,Murder,Radio Fresh,killed
Colombia,2022,Confirmed,Murder,Voces De Córdoba,killed
Mexico,2019,Confirmed,Murder,Radiokoshana FM,killed
Azerbaijan,2011,Confirmed,Murder,Freelance,killed
Afghanistan,2020,Confirmed,Murder,Freelance,killed
India,2016,Confirmed,Murder,Hindustan,killed
India,2017,Confirmed,Murder,Dainik Jagran,killed
India,2012,Confirmed,Murder,Media Raj,killed
India,2013,Confirmed,Dangerous Assignment,IBN 7,killed
India,2013,Confirmed,Murder,Aaj,killed
India,2020,Confirmed,Murder,Rashtriya Swaroop,killed
Lesotho,2023,Confirmed,Murder,Ts’enolo FM,killed
India,2021,Confirmed,Dangerous Assignment,Sadhna Plus TV,killed
Israel and the Occupied Palestinian Territory,2024,Confirmed,Murder,Freelance,killed
Syria,2012,Confirmed,Crossfire,Freelance,killed
Syria,2014,Confirmed,Crossfire,Orient News,killed
Israel and the Occupied Palestinian Territory,2014,Confirmed,Crossfire,Palestine Network for Press and Media,killed
Afghanistan,2018,Confirmed,Dangerous Assignment,TOLO News,killed
South Sudan,2015,Confirmed,Murder,Raja FM,killed
Yemen,2021,Unconfirmed,,"Al-Ain,Bloomberg Asharq",killed
Israel and the Occupied Palestinian Territory,2024,Confirmed,Dangerous Assignment,Freelance,killed
Syria,2020,Confirmed,Crossfire,"Al-Mohrar Media Network,Syria 1 News Agency",killed
Azerbaijan,2015,Unconfirmed,Unknown,"Institute for Reporters’ Freedom and Safety, Azerbaijan News Network",killed
Pakistan,2012,Confirmed,Murder,Express News TV,killed
USA,2018,Confirmed,,Capital Gazette,killed
Mexico,2012,Confirmed,Murder,Proceso,killed
Pakistan,2012,Confirmed,Murder,"Dunya News TV, Intikhaab",killed
Syria,2012,Confirmed,Murder,Freelance,killed
Philippines,2021,Confirmed,Murder,dyRB Radio,killed
Philippines,2022,Confirmed,Murder,Power 102.1 DYRY RFM Mabinay,killed
Philippines,2020,Confirmed,Murder,Original Energy 93.7 FM,killed
Honduras,2014,Unconfirmed,Unknown,RPM TV Canal 28,killed
Iraq,2010,Confirmed,Murder,Al-Iraqiya,killed
Honduras,2022,Unconfirmed,,Metro TV,killed
Mexico,2021,Confirmed,Murder,InfoGuaymas,killed
Mexico,2017,Unconfirmed,Unknown,El Político,killed
Philippines,2013,Unconfirmed,Unknown,Aksyon Ngayon,killed
Philippines,2014,Unconfirmed,Unknown,dxNN,killed
Indonesia,2024,Unconfirmed,,Tribrata TV,killed
Indonesia,2010,Confirmed,Murder,Sun TV,killed
Israel and the Occupied Palestinian Territory,2024,Confirmed,,Palestine Now,killed
Israel and the Occupied Palestinian Territory,2024,Confirmed,Dangerous Assignment,Palestinian Information Center,killed
USA,2018,Confirmed,Murder,Capital Gazette,killed
Democratic Republic of the Congo,2014,Unconfirmed,Unknown,Congolese National Radio and Television,killed
Mexico,2024,Unconfirmed,,"Notiface, Acá en el Show",killed
Burkina Faso,2021,Confirmed,Murder,93 Metros,killed
Mexico,2022,Unconfirmed,,Monitor Michoacán,killed
Brazil,2019,Unconfirmed,,Jornal O Maricá,killed
Colombia,2010,Unconfirmed,Unknown,Radio Payumat,killed
Mexico,2011,Confirmed,,Grupo Multimedios Laguna,killed
Brazil,2013,Confirmed,Murder,Rádio Vanguarda and Vale do Aço,killed
Israel and the Occupied Palestinian Territory,2023,Confirmed,Dangerous Assignment,Ynet,killed
Mexico,2019,Unconfirmed,,Guerrero Al Instante,killed
Philippines,2013,Unconfirmed,Unknown,107.9 FM Radyo Natin,killed
Turkey,2016,Confirmed,Unknown,Azadiya Welat,killed
India,2022,Confirmed,Dangerous Assignment,Dharitri,killed
Ukraine,2022,Unconfirmed,,Dytynets,killed
Brazil,2019,Unconfirmed,,Lei Seca Maricá,killed
Haiti,2022,Unconfirmed,,Radio Génération 80,killed
Philippines,2011,Confirmed,Murder,DWEB,killed
Philippines,2020,Unconfirmed,,Dos Kantos Balita,killed
Iran,2020,Confirmed,Murder,Amad News,killed
Israel and the Occupied Palestinian Territory,2023,Confirmed,Dangerous Assignment,Ain Media,killed
Philippines,2011,Unconfirmed,Unknown,Freelance,killed
Mexico,2015,Confirmed,Murder,"Proceso, AVC Noticias, Cuartoscuro",killed
Mexico,2018,Unconfirmed,,Semanario Playa News,killed
Philippines,2014,Confirmed,Murder,"Remate, dwAD",killed
Afghanistan,2010,Confirmed,Crossfire,Sunday Mirror,killed
Ukraine,2024,Confirmed,,Reuters,killed
Syria,2019,Confirmed,Crossfire,Hawar News Agency (ANHA),killed
Israel and the Occupied Palestinian Territory,2024,Confirmed,Dangerous Assignment,Freelance,killed
Iraq,2011,Confirmed,Dangerous Assignment,Al-Arabiya,killed
Afghanistan,2018,Confirmed,Murder,"Radio Azadi,Radio Free Europe/Radio Liberty",killed
Yemen,2022,Unconfirmed,,NHK,killed
Bangladesh,2014,Confirmed,Murder,Dainik Mathabhanga,killed
Israel and the Occupied Palestinian Territory,2023,Confirmed,Dangerous Assignment,Al-Aqsa TV,killed
Israel and the Occupied Palestinian Territory,2024,Confirmed,Dangerous Assignment,Al-Aqsa TV,killed
Israel and the Occupied Palestinian Territory,2023,Confirmed,Dangerous Assignment,Al-Khamsa News,killed
Turkey,2017,Confirmed,Murder,GEM TV,killed
Iraq,2010,Confirmed,Murder,Al-Mosuliya,killed
Iraq,2020,Confirmed,Dangerous Assignment,Dijlah TV,killed
Somalia,2016,Confirmed,Murder,Radio Mogadishu,killed
Israel and the Occupied Palestinian Territory,2024,Confirmed,Dangerous Assignment,WAFA,killed
India,2013,Confirmed,Murder,Deshbandhu,killed
Myanmar,2021,Confirmed,Crossfire,Federal News Journal,killed
Iraq,2016,Confirmed,Murder,Al-Sharqiya,killed
Pakistan,2013,Confirmed,Dangerous Assignment,Samaa TV,killed
Egypt,2013,Confirmed,Dangerous Assignment,Shaab Masr,killed
Israel and the Occupied Palestinian Territory,2023,Confirmed,Dangerous Assignment,Palestinian Media Assembly,killed
Pakistan,2011,Confirmed,Murder,Asia Times Online,killed
Afghanistan,2018,Confirmed,Murder,Mashal TV,killed
Libya,2013,Confirmed,Dangerous Assignment,Fassato News Agency,killed
Israel and the Occupied Palestinian Territory,2024,Confirmed,,Al-Quds Al-Youm,killed
Syria,2014,Confirmed,Crossfire,Orient News,killed
Mexico,2017,Confirmed,Murder,6TV,killed
Israel and the Occupied Palestinian Territory,2023,Confirmed,Dangerous Assignment,Al-Aqsa TV,killed
Israel and the Occupied Palestinian Territory,2014,Confirmed,Crossfire,Al-Aqsa TV,killed
Israel and the Occupied Palestinian Territory,2023,Confirmed,Dangerous Assignment,Al-Jazeera Arabic,killed
Syria,2016,Confirmed,Murder,"Free Deir al-Zour Radio, Development Interaction Network",killed
Syria,2012,Confirmed,Crossfire,Al-Ikhbariya,killed
Syria,2016,Confirmed,Murder,Syrian Observatory for Human Rights,killed
Afghanistan,2012,Unconfirmed,Unknown,Melma Radio,killed
Afghanistan,2018,Confirmed,Dangerous Assignment,TOLO News,killed
Iraq,2012,Unconfirmed,Unknown,Al-Jamahir al-Baghdadiya,killed
Philippines,2014,Unconfirmed,Unknown,"Radio Ukay, Supreme Radio",killed
Cameroon,2019,Confirmed,Unknown,Chillen Muzik TV,killed
India,2015,Unconfirmed,Unknown,Freelance,killed
India,2018,Confirmed,Murder,News World,killed
Mexico,2019,Unconfirmed,,"Buenos Días San Luis,Red 653",killed
Brazil,2014,Confirmed,Dangerous Assignment,Bandeirantes,killed
Pakistan,2012,Confirmed,Dangerous Assignment,Ummat,killed
Iraq,2010,Confirmed,Murder,Freelance,killed
Israel and the Occupied Palestinian Territory,2023,Confirmed,Dangerous Assignment,Quds News Network,killed
Iran,2012,Confirmed,Dangerous Assignment,Freelance,killed
Mexico,2021,Unconfirmed,,"La Policiaca,Noticias en la Web,",killed
Afghanistan,2010,Unconfirmed,Unknown,Radio Television Afghanistan,killed
Afghanistan,2017,Confirmed,Dangerous Assignment,Jomhor News Agency,killed
Afghanistan,2017,Confirmed,Dangerous Assignment,Afghan Voice Agency,killed
Ukraine,2015,Confirmed,Crossfire,Segodnya,killed
Afghanistan,2020,Confirmed,Murder,Khurshid TV,killed
Pakistan,2011,Confirmed,Dangerous Assignment,The News,killed
Bangladesh,2014,Unconfirmed,Unknown,Oporadh Domon,killed
Afghanistan,2018,Confirmed,Murder,Agence France-Presse,killed
Pakistan,2021,Confirmed,Murder,Metro 1 News,killed
Syria,2013,Confirmed,Crossfire,Local Council of Deraya City Media Office,killed
Israel and the Occupied Palestinian Territory,2023,Confirmed,Dangerous Assignment,Al-Majedat network,killed
Pakistan,2014,Confirmed,Murder,Abb Takk Television,killed
India,2017,Confirmed,Dangerous Assignment,Dinraat,killed
Israel and the Occupied Palestinian Territory,2024,Confirmed,Dangerous Assignment,Freelance,killed
India,2023,Confirmed,Murder,Mahanagari Times,killed
Pakistan,2016,Confirmed,Dangerous Assignment,Aaj News,killed
Somalia,2010,Confirmed,Murder,Radio Mogadishu,killed
Mexico,2022,Unconfirmed,,El Veraz,killed
Iraq,2017,Confirmed,Crossfire,Rudaw TV,killed
Israel and the Occupied Palestinian Territory,2022,Confirmed,Murder,Al-Jazeera,killed
India,2020,Confirmed,Murder,Kampu Mail,killed
India,2018,Confirmed,Murder,Rising Kashmir,killed
Syria,2012,Unconfirmed,Unknown,Al-Thawra and Radio Damascus,killed
Iraq,2016,Unconfirmed,Unknown,Kurdish News Network,killed
Guinea,2014,Confirmed,,Radio Rurale de N'Zérékoré,killed
Israel and the Occupied Palestinian Territory,2014,Confirmed,Crossfire,The Associated Press,killed
Azerbaijan,2021,Confirmed,Crossfire,AzTV,killed
Ethiopia,2021,Confirmed,Murder,Oromia Broadcasting Network,killed
Myanmar,2016,Confirmed,Murder,Daily Eleven,killed
Myanmar,2021,Confirmed,Murder,Freelance,killed
Pakistan,2018,Confirmed,Murder,K2 Times,killed
Greece,2010,Confirmed,Murder,"Thema 98.9, Troktiko",killed
Democratic Republic of the Congo,2015,Confirmed,Murder,Radio Monkoto Soso Aleli,killed
Peru,2019,Unconfirmed,,Radio Láser,killed
Angola,2010,Confirmed,Dangerous Assignment,Télévision Togolaise,killed
Iraq,2017,Confirmed,Crossfire,#5BisProduction,killed
France,2015,Confirmed,Murder,Charlie Hebdo,killed
Syria,2014,Confirmed,Murder,Freelance,killed
India,2022,Unconfirmed,,City News,killed
Iraq,2017,Confirmed,Crossfire,Salaheddin TV,killed
India,2017,Confirmed,Murder,Syandan Patrika,killed
Iraq,2017,Confirmed,Dangerous Assignment,Asiasat,killed
Syria,2013,Confirmed,Murder,Dunya TV,killed
India,2021,Confirmed,Murder,"ABP News,ABP Ganga",killed
Ethiopia,2018,Confirmed,,Dire Dawa Mass Media Agency,killed
Afghanistan,2019,Unconfirmed,,Zhman TV,killed
China,2010,Unconfirmed,Unknown,Northern Xinjiang Morning Post,killed
Nigeria,2010,Confirmed,Murder,The Light Bearer,killed
Cambodia,2014,Unconfirmed,,Meakea Kampuchea,killed
India,2010,Unconfirmed,Unknown,Dainik Bhaskar,killed
Ivory Coast,2011,Confirmed,Murder,Radio Yopougon,killed
Iraq,2011,Unconfirmed,Unknown,Al-Massar TV,killed
Syria,2016,Confirmed,Crossfire,Freelance,killed
Iraq,2010,Confirmed,Murder,Freelance,killed
Pakistan,2017,Confirmed,Dangerous Assignment,Samaa TV,killed
Cambodia,2014,Unconfirmed,Unknown,Freelance,killed
Yemen,2017,Confirmed,Crossfire,Al-Akhbariya,killed
Egypt,2013,Confirmed,Dangerous Assignment,Al-Ahram,killed
Syria,2012,Confirmed,Crossfire,Freelance,killed
Israel and the Occupied Palestinian Territory,2024,Confirmed,Dangerous Assignment,Palestinian Broadcasting Corporation,killed
Israel and the Occupied Palestinian Territory,2024,Confirmed,Dangerous Assignment,Al Quds,killed
Israel and the Occupied Palestinian Territory,2024,Confirmed,Dangerous Assignment,Gaza Live network,killed
Israel and the Occupied Palestinian Territory,2024,Confirmed,Dangerous Assignment,Freelance,killed
India,2014,Confirmed,Murder,"Kanak TV, Sambad",killed
Israel and the Occupied Palestinian Territory,2023,Confirmed,Dangerous Assignment,Al-Saada,killed
Haiti,2022,Confirmed,Murder,Tijén Journalis,killed
Mexico,2019,Unconfirmed,,El Cafetal,killed
Philippines,2015,Unconfirmed,Unknown,DZMS Radio,killed
Syria,2015,Confirmed,Crossfire,Sham FM; al-Watan,killed
Iraq,2015,Confirmed,Murder,Rai al-Nas,killed
South Africa,2019,Unconfirmed,,Dumelang News,killed
Libya,2011,Confirmed,Crossfire,Freelance,killed
Afghanistan,2021,Unconfirmed,,Paktia Ghag Radio,killed
Iraq,2017,Unconfirmed,,"Jin News Agency (JINHA), Roj News, Gazete Sujin",killed
Syria,2014,Confirmed,Crossfire,Freelance,killed
Brazil,2018,Unconfirmed,,Jornal de Rondonia,killed
India,2011,Confirmed,Murder,Nai Dunia,killed
Ukraine,2019,Confirmed,Murder,Dzvin,killed
Brazil,2011,Unconfirmed,Unknown,Radio Frontera,killed
Mexico,2010,Confirmed,Murder,Zócalo de Saltillo,killed
Brazil,2012,Confirmed,Murder,Rádio Jornal,killed
Brazil,2011,Unconfirmed,Unknown,Panorama Geral,killed
Syria,2019,Confirmed,Crossfire,"Hawar News Agency (ANHA),Ronahi TV",killed
Philippines,2013,Unconfirmed,Unknown,Kalahi,killed
Iraq,2017,Confirmed,Crossfire,#5BisProduction,killed
Mexico,2024,Unconfirmed,,Realidades,killed
Mexico,2012,Unconfirmed,Unknown,Milenio and Reporteros Policiacos,killed
Honduras,2017,Unconfirmed,,45TV,killed
India,2010,Confirmed,Dangerous Assignment,Indian Express,killed
Ukraine,2022,Confirmed,Dangerous Assignment,Sigma TV,killed
Bulgaria,2018,Unconfirmed,,TVN,killed
Russia,2024,Confirmed,Murder,Freelance,killed
Ukraine,2022,Confirmed,Dangerous Assignment,Radio Free Europe/Radio Liberty,killed
Philippines,2020,Confirmed,Murder,"DWPR Radio,Northern Watch",killed
Ukraine,2014,Confirmed,Murder,Vesti,killed
Iraq,2013,Confirmed,Dangerous Assignment,Baghdad TV,killed
Yemen,2017,Confirmed,Crossfire,Yemen TV,killed
Egypt,2011,Confirmed,Dangerous Assignment,Al-Tareeq,killed
Israel and the Occupied Palestinian Territory,2024,Confirmed,Dangerous Assignment,Freelance,killed
Israel and the Occupied Palestinian Territory,2024,Confirmed,Dangerous Assignment,Freelance,killed
Myanmar,2017,Unconfirmed,Unknown,Iron Rose,killed
Brazil,2013,Confirmed,Murder,Freelance,killed
Pakistan,2011,Confirmed,Murder,Geo TV,killed
Syria,2013,Confirmed,Crossfire,Jobar Media Center,killed
Pakistan,2014,Confirmed,,Express TV,killed
Syria,2015,Confirmed,Crossfire,Maarat Media Center,killed
Bangladesh,2015,Confirmed,Murder,Freelance,killed
Iraq,2013,Confirmed,Murder,Salaheddin TV,killed
USA,2018,Confirmed,Murder,Capital Gazette,killed
Iraq,2016,Unconfirmed,Unknown,Roj News,killed
Colombia,2022,Unconfirmed,,Unión Televisión,killed
Venezuela,2011,Unconfirmed,Unknown,El Clarín,killed
Haiti,2022,Confirmed,Murder,"Télé Patriote,Tambou Verité",killed
Myanmar,2024,Confirmed,Murder,Democratic Voice of Burma,killed
Lebanon,2024,Confirmed,Murder,Al-Manar TV,killed
Thailand,2012,Confirmed,Murder,Inside Phuket,killed
Democratic Republic of the Congo,2011,Unconfirmed,Unknown,Freelance,killed
Israel and the Occupied Palestinian Territory,2023,Confirmed,Dangerous Assignment,Namaa Radio,killed
Nepal,2012,Unconfirmed,Unknown,"Avenues TV, Rajdhani Daily, and Mechi Times",killed
Iraq,2015,Confirmed,Murder,Radio Rasheed,killed
Israel and the Occupied Palestinian Territory,2023,Confirmed,Dangerous Assignment,Al-Aqsa Voice Radio,killed
Maldives,2017,Confirmed,Murder,The Daily Panic,killed
Israel and the Occupied Palestinian Territory,2023,Confirmed,Dangerous Assignment,Israel Hayom,killed
Afghanistan,2016,Unconfirmed,Unknown,Radio Television Afghanistan,killed
Afghanistan,2018,Confirmed,Murder,TOLO News,killed
Syria,2013,Confirmed,Crossfire,Al-Ikhbariya,killed
Israel and the Occupied Palestinian Territory,2018,Confirmed,Murder,Ain Media,killed
Israel and the Occupied Palestinian Territory,2023,Confirmed,Dangerous Assignment,Al-Sahel,killed
Syria,2013,Confirmed,Murder,Freelance,killed
Israel and the Occupied Palestinian Territory,2024,Confirmed,Dangerous Assignment,Kan'an news agency,killed
Israel and the Occupied Palestinian Territory,2024,Confirmed,Dangerous Assignment,Al-Ghad,killed
Guatemala,2011,Unconfirmed,Unknown,Channel 14,killed
Mexico,2022,Unconfirmed,,El Veraz,killed
Ukraine,2022,Unconfirmed,,,killed
Ukraine,2022,Confirmed,Crossfire,LIVE,killed
Mexico,2011,Unconfirmed,Unknown,Notiver,killed
Israel and the Occupied Palestinian Territory,2021,Unconfirmed,,Voice of Al-Aqsa Radio,killed
Syria,2014,Confirmed,Crossfire,Orient News,killed
Israel and the Occupied Palestinian Territory,2023,Confirmed,Dangerous Assignment,Freelance,killed
Syria,2013,Confirmed,Crossfire,Halab News Network,killed
Yemen,2015,Confirmed,Crossfire,Suhail TV,killed
Syria,2013,Confirmed,Crossfire,Freelance,killed
Somalia,2014,Confirmed,Murder,"Radio Ergo, Mustaqbal Radio",killed
Syria,2012,Confirmed,Crossfire,Liwaa Al-Fatih,killed
Syria,2013,Confirmed,Crossfire,Assault,killed
Afghanistan,2016,Confirmed,Crossfire,National Public Radio,killed
USA,2018,Confirmed,Dangerous Assignment,zacktv1,killed
Turkey,2016,Confirmed,Murder,Aleppo Today,killed
Syria,2014,Confirmed,Crossfire,Zebdine Coordination Committee,killed
Israel and the Occupied Palestinian Territory,2024,Confirmed,Dangerous Assignment,Freelance,killed
Afghanistan,2017,Confirmed,,Radio Television Afghanistan,killed
Syria,2015,Confirmed,Crossfire,Al-Jazeera,killed
Nigeria,2011,Confirmed,Murder,Nigeria Television Authority,killed
Bahrain,2011,Confirmed,Murder,Freelance,killed
Somalia,2012,Unconfirmed,Unknown,Freelance,killed
Yemen,2018,Unconfirmed,,Al-Masdar,killed
Pakistan,2011,Unconfirmed,Unknown,Daily Extra News,killed
Pakistan,2015,Confirmed,Murder,"Daily Ummat, Daily Nai Baat",killed
Israel and the Occupied Palestinian Territory,2024,Confirmed,Dangerous Assignment,Quran Radio,killed
Pakistan,2018,Unconfirmed,,Nawa-i-Waqt,killed
Liberia,2020,Unconfirmed,,OK FM 99.5,killed
Yemen,2019,Unconfirmed,,Abu Dhabi TV,killed
Ukraine,2022,Confirmed,Dangerous Assignment,Freelance,killed
Afghanistan,2014,Confirmed,Dangerous Assignment,Mitra TV,killed
Ethiopia,2023,,,Amara Media Center (AMC),imprisoned
Egypt,2024,,,Freelance,imprisoned
Algeria,2024,,,Freelance,imprisoned
Bahrain,2011,,,Freelance,imprisoned
Egypt,2013,,,Amgad TV,imprisoned
Russia,2019,,,Chernovik,imprisoned
Saudi Arabia,2019,,,Al-Sabeel,imprisoned
China,2014,,,Uyghurbiz,imprisoned
China,2018,,,Xinjiang People's Publishing House,imprisoned
Tajikistan,2022,,,Abdusattor Pirmuhammadzoda (YouTube channel),imprisoned
China,2018,,,Kashgar Publishing House,imprisoned
China,2017,,,Kashgar Publishing House,imprisoned
Saudi Arabia,2017,,,Freelance,imprisoned
Tajikistan,2024,,,Payk,imprisoned
Egypt,2024,,,Erem News,imprisoned
Rwanda,2021,,,Ukuri Mbona,imprisoned
Russia,2020,,,"Rosderzhava, Prikluchenie Dorogova i Ego Druzei",imprisoned
Russia,2022,,,Freelance,imprisoned
Belarus,2023,,,Freelance,imprisoned
Saudi Arabia,2017,,,4Shbab,imprisoned
Turkey,2016,,,Zaman,imprisoned
Belarus,2023,,,Freelance,imprisoned
Cameroon,2016,,,Cameroon Radio and Television (CRTV),imprisoned
Russia,2020,,,Freelance,imprisoned
Israel and the Occupied Palestinian Territory,2024,,,Al-Ain News,imprisoned
Israel and the Occupied Palestinian Territory,2024,,,Freelance,imprisoned
Russia,2023,,,RIA-Melitopol,imprisoned
Belarus,2021,,,"Belaruski Zhurnal, BelaPAN",imprisoned
Belarus,2022,,,Belarusskiy Vestnik,imprisoned
Belarus,2021,,,"Belsat TV, TVP Polonia",imprisoned
Russia,2024,,,SOTAvision,imprisoned
Iran,2018,,,Amad News,imprisoned
Russia,2024,,,SOTAvision,imprisoned
Egypt,2024,,,Al-Manassa,imprisoned
Israel and the Occupied Palestinian Territory,2024,,,Freelance,imprisoned
China,2014,,,Uyghurbiz,imprisoned
Myanmar,2023,,,Dawei Watch,imprisoned
Tajikistan,2022,,,Freelance,imprisoned
Azerbaijan,2024,,,Meydan TV,imprisoned
Azerbaijan,2024,,,Meydan TV,imprisoned
Azerbaijan,2024,,,Meydan TV,imprisoned
Russia,2024,,,Freelance,imprisoned
Egypt,2017,,,Al-Jazeera Mubasher,imprisoned
Azerbaijan,2024,,,"Eurasianet, OC Media",imprisoned
Tunisia,2024,,,IFM,imprisoned
China,2021,,,Apple Daily,imprisoned
China,2018,,,Jieren Guancha,imprisoned
China,2023,,,Freelance,imprisoned
China,2021,,,Next Digital Limited,imprisoned
Algeria,2024,,,Freelance,imprisoned
Tajikistan,2022,,,Daler Imomali,imprisoned
Ethiopia,2023,,,Arat Kilo Media,imprisoned
Myanmar,2021,,,Zayar Times,imprisoned
Rwanda,2021,,,Ishema TV,imprisoned
China,2022,,,Guangming Daily,imprisoned
Vietnam,2023,,,Tin Tuc 24H,imprisoned
Belarus,2021,,,Freelance,imprisoned
Belarus,2021,,,BelaPAN,imprisoned
Azerbaijan,2024,,,Abzas Media,imprisoned
Nicaragua,2024,,,CDNN 23,imprisoned
Turkey,2010,,,Eylül Sanat Edebiyat Dergisi,imprisoned
China,2018,,,Ili Television Station,imprisoned
Saudi Arabia,2017,,,Freelance,imprisoned
Azerbaijan,2024,,,Freelance;Radio Free Europe/Radio Liberty (Radio Azadliq),imprisoned
Bangladesh,2024,,,Freelance,imprisoned
Philippines,2020,,,"Eastern Vista, Aksyon Radyo Tacloban DYVL 819",imprisoned
China,2021,,,"Apple Daily, Next Digital Limited",imprisoned
Ethiopia,2023,,,Yegna Media,imprisoned
Ethiopia,2023,,,The Voice of Amhara,imprisoned
Azerbaijan,2023,,,"Freelance, Abzas Media, Turan",imprisoned
Egypt,2021,,,Freelance,imprisoned
Afghanistan,2024,,,Etilaatroz Daily,imprisoned
Israel and the Occupied Palestinian Territory,2024,,,Freelance,imprisoned
Israel and the Occupied Palestinian Territory,2024,,,Freelance,imprisoned
Bahrain,2018,,,Freelance,imprisoned
Israel and the Occupied Palestinian Territory,2024,,,An-Najah TV,imprisoned
Russia,2024,,,Novy Vizit,imprisoned
Russia,2023,,,RIA-Melitopol,imprisoned
Myanmar,2021,,,Myanmar Pressphoto Agency,imprisoned
Iran,2024,,,Freelance,imprisoned
Myanmar,2023,,,Development Media Group,imprisoned
China,2013,,,Nanfang Daily,imprisoned
China,2016,,,64 Tianwang,imprisoned
Israel and the Occupied Palestinian Territory,2023,,,Freelance,imprisoned
Russia,2021,,,RusNews,imprisoned
Belarus,2024,,,Freelance,imprisoned
China,2014,,,Uyghurbiz,imprisoned
China,2018,,,Xinjiang Daily,imprisoned
Azerbaijan,2024,,,Meclis.info,imprisoned
India,2023,,,Freelance,imprisoned
Russia,2022,,,Freelance,imprisoned
Russia,2023,,,Freelance,imprisoned
Russia,2020,,,"Kommersant, Vedomosti",imprisoned
Rwanda,2024,,,Isibo Television and Radio / Fatakumavuta Clips,imprisoned
Israel and the Occupied Palestinian Territory,2024,,,Freelance,imprisoned
China,2020,,,"Apple Daily, Next Digital Limited",imprisoned
Guatemala,2022,,,elPeriódico,imprisoned
China,2018,,,Xinjiang Daily,imprisoned
China,2024,,,Xinjiang Television,imprisoned
Belarus,2020,,,Belsat TV,imprisoned
Myanmar,2021,,,Freelance,imprisoned
Egypt,2014,,,Freelance,imprisoned
Egypt,2024,,,Arabic Post,imprisoned
Egypt,2014,,,Freelance,imprisoned
Azerbaijan,2024,,,Meydan TV,imprisoned
Tajikistan,2023,,,Freelance,imprisoned
Tajikistan,2022,,,Pomere.info,imprisoned
Russia,2024,,,Freelance,imprisoned
China,2024,,,Xinjiang Television,imprisoned
Myanmar,2023,,,Freelance,imprisoned
China,2021,,,"Apple Daily, Next Digital Limited",imprisoned
Vietnam,2020,,,Freelance,imprisoned
Vietnam,2022,,,Voice of the People TV (TDTV),imprisoned
Vietnam,2021,,,Bao Sach (Clean Newspaper),imprisoned
Vietnam,2021,,,Chen Hung Nuoc Viet (CHTV),imprisoned
China,2024,,,Freelance,imprisoned
China,2023,,,Radio Taiwan International,imprisoned
China,2013,,,Freelance,imprisoned
China,2023,,,Hubei Xinshidianwang (Hubei New Perspective Site),imprisoned
Belarus,2024,,,BAR24,imprisoned
China,2014,,,Uyghurbiz,imprisoned
Myanmar,2023,,,Burma VJ,imprisoned
Afghanistan,2024,,,Afghan News Agency,imprisoned
Israel and the Occupied Palestinian Territory,2024,,,Freelance,imprisoned
Israel and the Occupied Palestinian Territory,2024,,,Freelance,imprisoned
Egypt,2022,,,Al-Ahram,imprisoned
Kyrgyzstan,2024,,,Temirov Live,imprisoned
Cameroon,2017,,,Abakwa FM,imprisoned
Russia,2022,,,RusNews,imprisoned
Myanmar,2022,,,Mekong News,imprisoned
Turkey,2015,,,Taraf,imprisoned
China,2018,,,Kashgar Publishing House,imprisoned
China,2018,,,Xinjiang Daily,imprisoned
Ethiopia,2023,,,Ethio Nikat Media,imprisoned
Russia,2022,,,Novy Fokus,imprisoned
Belarus,2024,,,BAR24,imprisoned
China,2024,,,Freelance,imprisoned
Myanmar,2022,,,Regional News Agency,imprisoned
China,2018,,,Freelance,imprisoned
China,2018,,,Xinjiang Farmer's Daily,imprisoned
Israel and the Occupied Palestinian Territory,2024,,,Freelance,imprisoned
Saudi Arabia,2018,,,Freelance,imprisoned
Egypt,2019,,,Freelance,imprisoned
Algeria,2020,,,Ennahar TV,imprisoned
Egypt,2018,,,Freelance,imprisoned
Iran,2022,,,Sedaye Eslahat,imprisoned
Iran,2022,,,Freelance,imprisoned
Israel and the Occupied Palestinian Territory,2024,,,Freelance,imprisoned
Israel and the Occupied Palestinian Territory,2023,,,Al-Quds Radio,imprisoned
Egypt,2019,,,Al-Jazeera,imprisoned
Tunisia,2024,,,IFM,imprisoned
Bangladesh,2024,,,Freelance,imprisoned
Israel and the Occupied Palestinian Territory,2024,,,Freelance,imprisoned
Azerbaijan,2024,,,Toplum TV,imprisoned
Myanmar,2023,,,Mandalay Free Press,imprisoned
Myanmar,2023,,,AAMIJ News,imprisoned
Myanmar,2023,,,Dawei Watch,imprisoned
Myanmar,2021,,,Delta News Agency,imprisoned
Azerbaijan,2023,,,Abzas Media,imprisoned
Belarus,2024,,,BAR24,imprisoned
Azerbaijan,2024,,,Meydan TV,imprisoned
Vietnam,2024,,,Freelance,imprisoned
Vietnam,2022,,,Freelance/Radio Free Asia,imprisoned
Vietnam,2020,,,Radio Free Asia,imprisoned
Vietnam,2024,,,Freelance,imprisoned
Russia,2023,,,Freelance,imprisoned
China,2016,,,Bozqir,imprisoned
Russia,2019,,,Freelance,imprisoned
China,2018,,,Kashgar Publishing House,imprisoned
Belarus,2024,,,Media IQ,imprisoned
China,2014,,,Uyghurbiz,imprisoned
Vietnam,2019,,,Freelance,imprisoned
Vietnam,2020,,,"Luat Khoa, The Vietnamese",imprisoned
Rwanda,2018,,,Freelance,imprisoned
Azerbaijan,2019,,,"Xeberman, Press-az",imprisoned
Iraq,2021,,,Freelance,imprisoned
China,2017,,,"Xinjiang Civilization, Tepakkur",imprisoned
Israel and the Occupied Palestinian Territory,2024,,,Freelance,imprisoned
Egypt,2024,,,Al-Youm,imprisoned
Israel and the Occupied Palestinian Territory,2024,,,Freelance,imprisoned
Azerbaijan,2024,,,Meydan TV,imprisoned
Russia,2019,,,Grani,imprisoned
Senegal,2018,,,Freelance,imprisoned
Iran,2024,,,Radio Farda,imprisoned
Russia,2023,,,RusNews,imprisoned
China,2021,,,Freelance,imprisoned
India,2022,,,Freelance,imprisoned
Belarus,2024,,,BAR24,imprisoned
Russia,2024,,,Freelance,imprisoned
Russia,2019,,,Freelance,imprisoned
China,2021,,,"Apple Daily, Next Digital Limited",imprisoned
Myanmar,2023,,,Myanmar Now,imprisoned
Libya,2024,,,Al Ghayma,imprisoned
Saudi Arabia,2017,,,Tawasul,imprisoned
Burundi,2024,,,La Nova Burundi,imprisoned
Bahrain,2014,,,Freelance,imprisoned
Egypt,2024,,,,imprisoned
Russia,2024,,,Freelance,imprisoned
Russia,2022,,,Listok,imprisoned
Azerbaijan,2023,,,Abzas Media,imprisoned
Bangladesh,2024,,,Freelance,imprisoned
China,2023,,,Freelance,imprisoned
Iraq,2020,,,Freelance,imprisoned
Myanmar,2023,,,Radio Free Asia,imprisoned
China,2014,,,Uyghurbiz,imprisoned
Bangladesh,2024,,,Bhorer Kagoj,imprisoned
Myanmar,2022,,,Freelance,imprisoned
Belarus,2024,,,s13.ru,imprisoned
Belarus,2021,,,Yezhednevnik,imprisoned
Israel and the Occupied Palestinian Territory,2023,,,Freelance,imprisoned
China,2021,,,Freelance,imprisoned
Myanmar,2024,,,The 74 Media,imprisoned
Egypt,2021,,,Anadolu,imprisoned
Israel and the Occupied Palestinian Territory,2024,,,Al-Istiqlal newspaper,imprisoned
Azerbaijan,2023,,,Kanal 11,imprisoned
Myanmar,2021,,,First Weekly News Journal; Thanlwin Thway Chin Journal; Taunggyi Nway Oo Channel,imprisoned
Myanmar,2022,,,Freelance,imprisoned
Myanmar,2022,,,The Irrawaddy,imprisoned
Rwanda,2021,,,Umubavu TV Online,imprisoned
Cameroon,2017,,,"Aghem Messenger, Afrik2 Radio",imprisoned
Myanmar,2023,,,The People's Voice,imprisoned
Myanmar,2022,,,Media TOP 4,imprisoned
Vietnam,2020,,,Freelance,imprisoned
Vietnam,2019,,,Radio Free Asia,imprisoned
Vietnam,2024,,,Freelance,imprisoned
Cameroon,2016,,,Freelance,imprisoned
Tajikistan,2022,,,Freelance,imprisoned
Azerbaijan,2023,,,Abzas Media,imprisoned
Belarus,2021,,,Nashe Mneniye,imprisoned
Russia,2022,,,Freelance,imprisoned
Belarus,2024,,,Freelance,imprisoned
Myanmar,2021,,,Thingangyun Post,imprisoned
China,2020,,,"Pangbo News, Xie Fa",imprisoned
China,2018,,,Hui Town Site,imprisoned
Russia,2020,,,"Rosderzhava, Ya.N.",imprisoned
Myanmar,2023,,,Democratic Voice of Burma,imprisoned
China,2019,,,Freelance,imprisoned
Egypt,2024,,,Freelance,imprisoned
Belarus,2024,,,Freelance,imprisoned
Cuba,2024,,,Palenque Visión,imprisoned
China,2021,,,"Apple Daily, Next Digital Limited",imprisoned
Myanmar,2022,,,Sky Net,imprisoned
Tajikistan,2022,,,Zavq TV,imprisoned
China,2024,,,Freelance,imprisoned
Saudi Arabia,2019,,,Freelance,imprisoned
